-- MySQL dump 10.13  Distrib 8.0.36, for Linux (x86_64)
--
-- Host: localhost    Database: rshop
-- ------------------------------------------------------
-- Server version	8.0.36-0ubuntu0.22.04.1

/*!40101 SET @OLD_CHARACTER_SET_CLIENT=@@CHARACTER_SET_CLIENT */;
/*!40101 SET @OLD_CHARACTER_SET_RESULTS=@@CHARACTER_SET_RESULTS */;
/*!40101 SET @OLD_COLLATION_CONNECTION=@@COLLATION_CONNECTION */;
/*!50503 SET NAMES utf8mb4 */;
/*!40103 SET @OLD_TIME_ZONE=@@TIME_ZONE */;
/*!40103 SET TIME_ZONE='+00:00' */;
/*!40014 SET @OLD_UNIQUE_CHECKS=@@UNIQUE_CHECKS, UNIQUE_CHECKS=0 */;
/*!40014 SET @OLD_FOREIGN_KEY_CHECKS=@@FOREIGN_KEY_CHECKS, FOREIGN_KEY_CHECKS=0 */;
/*!40101 SET @OLD_SQL_MODE=@@SQL_MODE, SQL_MODE='NO_AUTO_VALUE_ON_ZERO' */;
/*!40111 SET @OLD_SQL_NOTES=@@SQL_NOTES, SQL_NOTES=0 */;

--
-- Table structure for table `order_product`
--

DROP TABLE IF EXISTS `order_product`;
/*!40101 SET @saved_cs_client     = @@character_set_client */;
/*!50503 SET character_set_client = utf8mb4 */;
CREATE TABLE `order_product` (
  `quantity` int NOT NULL,
  `order_id` bigint NOT NULL,
  `product_id` bigint NOT NULL,
  PRIMARY KEY (`order_id`,`product_id`),
  KEY `FKhnfgqyjx3i80qoymrssls3kno` (`product_id`),
  CONSTRAINT `FKhnfgqyjx3i80qoymrssls3kno` FOREIGN KEY (`product_id`) REFERENCES `product` (`id`),
  CONSTRAINT `FKl5mnj9n0di7k1v90yxnthkc73` FOREIGN KEY (`order_id`) REFERENCES `orders` (`id`)
) ENGINE=InnoDB DEFAULT CHARSET=utf8mb4 COLLATE=utf8mb4_0900_ai_ci;
/*!40101 SET character_set_client = @saved_cs_client */;

--
-- Dumping data for table `order_product`
--

LOCK TABLES `order_product` WRITE;
/*!40000 ALTER TABLE `order_product` DISABLE KEYS */;
INSERT INTO `order_product` VALUES (10,2,1001),(10,3,1001),(3,4,1025),(5,5,1200),(3,5,1201);
/*!40000 ALTER TABLE `order_product` ENABLE KEYS */;
UNLOCK TABLES;

--
-- Table structure for table `orders`
--

DROP TABLE IF EXISTS `orders`;
/*!40101 SET @saved_cs_client     = @@character_set_client */;
/*!50503 SET character_set_client = utf8mb4 */;
CREATE TABLE `orders` (
  `id` bigint NOT NULL AUTO_INCREMENT,
  `date_created` date DEFAULT NULL,
  `status` varchar(255) DEFAULT NULL,
  PRIMARY KEY (`id`)
) ENGINE=InnoDB AUTO_INCREMENT=6 DEFAULT CHARSET=utf8mb4 COLLATE=utf8mb4_0900_ai_ci;
/*!40101 SET character_set_client = @saved_cs_client */;

--
-- Dumping data for table `orders`
--

LOCK TABLES `orders` WRITE;
/*!40000 ALTER TABLE `orders` DISABLE KEYS */;
INSERT INTO `orders` VALUES (1,'2024-02-10','PAID'),(2,'2024-02-10','PAID'),(3,'2024-02-10','PAID'),(4,'2024-02-10','PAID'),(5,'2024-02-10','PAID');
/*!40000 ALTER TABLE `orders` ENABLE KEYS */;
UNLOCK TABLES;

--
-- Table structure for table `product`
--

DROP TABLE IF EXISTS `product`;
/*!40101 SET @saved_cs_client     = @@character_set_client */;
/*!50503 SET character_set_client = utf8mb4 */;
CREATE TABLE `product` (
  `id` bigint NOT NULL AUTO_INCREMENT,
  `description` varchar(255) DEFAULT NULL,
  `image_url` varchar(255) DEFAULT NULL,
  `price` double DEFAULT NULL,
  `title` varchar(255) DEFAULT NULL,
  `category` enum('HOME','SPORTS','KITCHEN','ELECTRONICS') DEFAULT NULL,
  PRIMARY KEY (`id`)
) ENGINE=InnoDB AUTO_INCREMENT=2001 DEFAULT CHARSET=utf8mb4 COLLATE=utf8mb4_0900_ai_ci;
/*!40101 SET character_set_client = @saved_cs_client */;

--
-- Dumping data for table `product`
--

LOCK TABLES `product` WRITE;
/*!40000 ALTER TABLE `product` DISABLE KEYS */;
INSERT INTO `product` VALUES (1001,'Product Description 1','https://yourwebsite.com/images/product1.jpg',13.96,'Product 1','HOME'),(1002,'Product Description 2','https://yourwebsite.com/images/product2.jpg',10.72,'Product 2','HOME'),(1003,'Product Description 3','https://yourwebsite.com/images/product3.jpg',11.7,'Product 3','KITCHEN'),(1004,'Product Description 4','https://yourwebsite.com/images/product4.jpg',26.36,'Product 4','HOME'),(1005,'Product Description 5','https://yourwebsite.com/images/product5.jpg',96.7,'Product 5','HOME'),(1006,'Product Description 6','https://yourwebsite.com/images/product6.jpg',4.41,'Product 6','SPORTS'),(1007,'Product Description 7','https://yourwebsite.com/images/product7.jpg',31.96,'Product 7','KITCHEN'),(1008,'Product Description 8','https://yourwebsite.com/images/product8.jpg',46.56,'Product 8','KITCHEN'),(1009,'Product Description 9','https://yourwebsite.com/images/product9.jpg',36.93,'Product 9','HOME'),(1010,'Product Description 10','https://yourwebsite.com/images/product10.jpg',44.96,'Product 10','KITCHEN'),(1011,'Product Description 11','https://yourwebsite.com/images/product11.jpg',14.03,'Product 11','KITCHEN'),(1012,'Product Description 12','https://yourwebsite.com/images/product12.jpg',35.28,'Product 12','KITCHEN'),(1013,'Product Description 13','https://yourwebsite.com/images/product13.jpg',34.28,'Product 13','HOME'),(1014,'Product Description 14','https://yourwebsite.com/images/product14.jpg',65.58,'Product 14','ELECTRONICS'),(1015,'Product Description 15','https://yourwebsite.com/images/product15.jpg',25.04,'Product 15','HOME'),(1016,'Product Description 16','https://yourwebsite.com/images/product16.jpg',28.47,'Product 16','SPORTS'),(1017,'Product Description 17','https://yourwebsite.com/images/product17.jpg',67.22,'Product 17','HOME'),(1018,'Product Description 18','https://yourwebsite.com/images/product18.jpg',50.69,'Product 18','KITCHEN'),(1019,'Product Description 19','https://yourwebsite.com/images/product19.jpg',51.79,'Product 19','KITCHEN'),(1020,'Product Description 20','https://yourwebsite.com/images/product20.jpg',6.88,'Product 20','KITCHEN'),(1021,'Product Description 21','https://yourwebsite.com/images/product21.jpg',79.05,'Product 21','ELECTRONICS'),(1022,'Product Description 22','https://yourwebsite.com/images/product22.jpg',74.59,'Product 22','KITCHEN'),(1023,'Product Description 23','https://yourwebsite.com/images/product23.jpg',35.79,'Product 23','KITCHEN'),(1024,'Product Description 24','https://yourwebsite.com/images/product24.jpg',55.19,'Product 24','SPORTS'),(1025,'Product Description 25','https://yourwebsite.com/images/product25.jpg',68.57,'Product 25','SPORTS'),(1026,'Product Description 26','https://yourwebsite.com/images/product26.jpg',77.3,'Product 26','HOME'),(1027,'Product Description 27','https://yourwebsite.com/images/product27.jpg',80.77,'Product 27','HOME'),(1028,'Product Description 28','https://yourwebsite.com/images/product28.jpg',71.95,'Product 28','KITCHEN'),(1029,'Product Description 29','https://yourwebsite.com/images/product29.jpg',17.44,'Product 29','KITCHEN'),(1030,'Product Description 30','https://yourwebsite.com/images/product30.jpg',71.37,'Product 30','HOME'),(1031,'Product Description 31','https://yourwebsite.com/images/product31.jpg',4.53,'Product 31','ELECTRONICS'),(1032,'Product Description 32','https://yourwebsite.com/images/product32.jpg',8.53,'Product 32','KITCHEN'),(1033,'Product Description 33','https://yourwebsite.com/images/product33.jpg',29.04,'Product 33','KITCHEN'),(1034,'Product Description 34','https://yourwebsite.com/images/product34.jpg',19.64,'Product 34','KITCHEN'),(1035,'Product Description 35','https://yourwebsite.com/images/product35.jpg',11.07,'Product 35','KITCHEN'),(1036,'Product Description 36','https://yourwebsite.com/images/product36.jpg',96.41,'Product 36','HOME'),(1037,'Product Description 37','https://yourwebsite.com/images/product37.jpg',48.88,'Product 37','HOME'),(1038,'Product Description 38','https://yourwebsite.com/images/product38.jpg',55.13,'Product 38','KITCHEN'),(1039,'Product Description 39','https://yourwebsite.com/images/product39.jpg',29.03,'Product 39','ELECTRONICS'),(1040,'Product Description 40','https://yourwebsite.com/images/product40.jpg',79.75,'Product 40','ELECTRONICS'),(1041,'Product Description 41','https://yourwebsite.com/images/product41.jpg',11.69,'Product 41','SPORTS'),(1042,'Product Description 42','https://yourwebsite.com/images/product42.jpg',19.16,'Product 42','SPORTS'),(1043,'Product Description 43','https://yourwebsite.com/images/product43.jpg',60.76,'Product 43','KITCHEN'),(1044,'Product Description 44','https://yourwebsite.com/images/product44.jpg',46.29,'Product 44','ELECTRONICS'),(1045,'Product Description 45','https://yourwebsite.com/images/product45.jpg',49.2,'Product 45','KITCHEN'),(1046,'Product Description 46','https://yourwebsite.com/images/product46.jpg',7.12,'Product 46','HOME'),(1047,'Product Description 47','https://yourwebsite.com/images/product47.jpg',88,'Product 47','HOME'),(1048,'Product Description 48','https://yourwebsite.com/images/product48.jpg',18.66,'Product 48','ELECTRONICS'),(1049,'Product Description 49','https://yourwebsite.com/images/product49.jpg',29.29,'Product 49','ELECTRONICS'),(1050,'Product Description 50','https://yourwebsite.com/images/product50.jpg',90.45,'Product 50','SPORTS'),(1051,'Product Description 51','https://yourwebsite.com/images/product51.jpg',64.38,'Product 51','ELECTRONICS'),(1052,'Product Description 52','https://yourwebsite.com/images/product52.jpg',50.55,'Product 52','HOME'),(1053,'Product Description 53','https://yourwebsite.com/images/product53.jpg',59.6,'Product 53','KITCHEN'),(1054,'Product Description 54','https://yourwebsite.com/images/product54.jpg',46.38,'Product 54','KITCHEN'),(1055,'Product Description 55','https://yourwebsite.com/images/product55.jpg',53.08,'Product 55','SPORTS'),(1056,'Product Description 56','https://yourwebsite.com/images/product56.jpg',26.25,'Product 56','SPORTS'),(1057,'Product Description 57','https://yourwebsite.com/images/product57.jpg',72.02,'Product 57','HOME'),(1058,'Product Description 58','https://yourwebsite.com/images/product58.jpg',81.34,'Product 58','ELECTRONICS'),(1059,'Product Description 59','https://yourwebsite.com/images/product59.jpg',90.66,'Product 59','SPORTS'),(1060,'Product Description 60','https://yourwebsite.com/images/product60.jpg',9.27,'Product 60','SPORTS'),(1061,'Product Description 61','https://yourwebsite.com/images/product61.jpg',74.37,'Product 61','ELECTRONICS'),(1062,'Product Description 62','https://yourwebsite.com/images/product62.jpg',44.03,'Product 62','ELECTRONICS'),(1063,'Product Description 63','https://yourwebsite.com/images/product63.jpg',97.04,'Product 63','KITCHEN'),(1064,'Product Description 64','https://yourwebsite.com/images/product64.jpg',53.13,'Product 64','HOME'),(1065,'Product Description 65','https://yourwebsite.com/images/product65.jpg',74.53,'Product 65','ELECTRONICS'),(1066,'Product Description 66','https://yourwebsite.com/images/product66.jpg',13.26,'Product 66','KITCHEN'),(1067,'Product Description 67','https://yourwebsite.com/images/product67.jpg',42.7,'Product 67','HOME'),(1068,'Product Description 68','https://yourwebsite.com/images/product68.jpg',73.74,'Product 68','KITCHEN'),(1069,'Product Description 69','https://yourwebsite.com/images/product69.jpg',40.6,'Product 69','KITCHEN'),(1070,'Product Description 70','https://yourwebsite.com/images/product70.jpg',81.78,'Product 70','KITCHEN'),(1071,'Product Description 71','https://yourwebsite.com/images/product71.jpg',87.11,'Product 71','KITCHEN'),(1072,'Product Description 72','https://yourwebsite.com/images/product72.jpg',90.19,'Product 72','HOME'),(1073,'Product Description 73','https://yourwebsite.com/images/product73.jpg',89.64,'Product 73','KITCHEN'),(1074,'Product Description 74','https://yourwebsite.com/images/product74.jpg',77.62,'Product 74','KITCHEN'),(1075,'Product Description 75','https://yourwebsite.com/images/product75.jpg',19.16,'Product 75','ELECTRONICS'),(1076,'Product Description 76','https://yourwebsite.com/images/product76.jpg',62.96,'Product 76','ELECTRONICS'),(1077,'Product Description 77','https://yourwebsite.com/images/product77.jpg',57.33,'Product 77','SPORTS'),(1078,'Product Description 78','https://yourwebsite.com/images/product78.jpg',97.75,'Product 78','KITCHEN'),(1079,'Product Description 79','https://yourwebsite.com/images/product79.jpg',16.79,'Product 79','HOME'),(1080,'Product Description 80','https://yourwebsite.com/images/product80.jpg',90.67,'Product 80','KITCHEN'),(1081,'Product Description 81','https://yourwebsite.com/images/product81.jpg',3,'Product 81','HOME'),(1082,'Product Description 82','https://yourwebsite.com/images/product82.jpg',42.99,'Product 82','ELECTRONICS'),(1083,'Product Description 83','https://yourwebsite.com/images/product83.jpg',5.95,'Product 83','ELECTRONICS'),(1084,'Product Description 84','https://yourwebsite.com/images/product84.jpg',0.76,'Product 84','ELECTRONICS'),(1085,'Product Description 85','https://yourwebsite.com/images/product85.jpg',85.96,'Product 85','HOME'),(1086,'Product Description 86','https://yourwebsite.com/images/product86.jpg',27.53,'Product 86','KITCHEN'),(1087,'Product Description 87','https://yourwebsite.com/images/product87.jpg',79.75,'Product 87','ELECTRONICS'),(1088,'Product Description 88','https://yourwebsite.com/images/product88.jpg',16.16,'Product 88','SPORTS'),(1089,'Product Description 89','https://yourwebsite.com/images/product89.jpg',41.56,'Product 89','KITCHEN'),(1090,'Product Description 90','https://yourwebsite.com/images/product90.jpg',59.34,'Product 90','SPORTS'),(1091,'Product Description 91','https://yourwebsite.com/images/product91.jpg',71.99,'Product 91','HOME'),(1092,'Product Description 92','https://yourwebsite.com/images/product92.jpg',81.93,'Product 92','ELECTRONICS'),(1093,'Product Description 93','https://yourwebsite.com/images/product93.jpg',93.69,'Product 93','SPORTS'),(1094,'Product Description 94','https://yourwebsite.com/images/product94.jpg',22.67,'Product 94','KITCHEN'),(1095,'Product Description 95','https://yourwebsite.com/images/product95.jpg',32.29,'Product 95','SPORTS'),(1096,'Product Description 96','https://yourwebsite.com/images/product96.jpg',93.43,'Product 96','KITCHEN'),(1097,'Product Description 97','https://yourwebsite.com/images/product97.jpg',70.27,'Product 97','KITCHEN'),(1098,'Product Description 98','https://yourwebsite.com/images/product98.jpg',71.06,'Product 98','ELECTRONICS'),(1099,'Product Description 99','https://yourwebsite.com/images/product99.jpg',44.49,'Product 99','ELECTRONICS'),(1100,'Product Description 100','https://yourwebsite.com/images/product100.jpg',9.28,'Product 100','HOME'),(1101,'Product Description 101','https://yourwebsite.com/images/product101.jpg',12.91,'Product 101','HOME'),(1102,'Product Description 102','https://yourwebsite.com/images/product102.jpg',36.71,'Product 102','SPORTS'),(1103,'Product Description 103','https://yourwebsite.com/images/product103.jpg',44.84,'Product 103','KITCHEN'),(1104,'Product Description 104','https://yourwebsite.com/images/product104.jpg',14.06,'Product 104','HOME'),(1105,'Product Description 105','https://yourwebsite.com/images/product105.jpg',35.8,'Product 105','ELECTRONICS'),(1106,'Product Description 106','https://yourwebsite.com/images/product106.jpg',36.79,'Product 106','KITCHEN'),(1107,'Product Description 107','https://yourwebsite.com/images/product107.jpg',76.54,'Product 107','HOME'),(1108,'Product Description 108','https://yourwebsite.com/images/product108.jpg',72.35,'Product 108','KITCHEN'),(1109,'Product Description 109','https://yourwebsite.com/images/product109.jpg',32.12,'Product 109','SPORTS'),(1110,'Product Description 110','https://yourwebsite.com/images/product110.jpg',43.56,'Product 110','SPORTS'),(1111,'Product Description 111','https://yourwebsite.com/images/product111.jpg',21.45,'Product 111','KITCHEN'),(1112,'Product Description 112','https://yourwebsite.com/images/product112.jpg',76.56,'Product 112','SPORTS'),(1113,'Product Description 113','https://yourwebsite.com/images/product113.jpg',18.46,'Product 113','KITCHEN'),(1114,'Product Description 114','https://yourwebsite.com/images/product114.jpg',62.63,'Product 114','SPORTS'),(1115,'Product Description 115','https://yourwebsite.com/images/product115.jpg',57.78,'Product 115','SPORTS'),(1116,'Product Description 116','https://yourwebsite.com/images/product116.jpg',0.97,'Product 116','KITCHEN'),(1117,'Product Description 117','https://yourwebsite.com/images/product117.jpg',31.55,'Product 117','ELECTRONICS'),(1118,'Product Description 118','https://yourwebsite.com/images/product118.jpg',54.82,'Product 118','SPORTS'),(1119,'Product Description 119','https://yourwebsite.com/images/product119.jpg',79.45,'Product 119','KITCHEN'),(1120,'Product Description 120','https://yourwebsite.com/images/product120.jpg',32.77,'Product 120','KITCHEN'),(1121,'Product Description 121','https://yourwebsite.com/images/product121.jpg',25.53,'Product 121','ELECTRONICS'),(1122,'Product Description 122','https://yourwebsite.com/images/product122.jpg',29.34,'Product 122','SPORTS'),(1123,'Product Description 123','https://yourwebsite.com/images/product123.jpg',70.09,'Product 123','HOME'),(1124,'Product Description 124','https://yourwebsite.com/images/product124.jpg',62.46,'Product 124','KITCHEN'),(1125,'Product Description 125','https://yourwebsite.com/images/product125.jpg',2,'Product 125','KITCHEN'),(1126,'Product Description 126','https://yourwebsite.com/images/product126.jpg',22.63,'Product 126','KITCHEN'),(1127,'Product Description 127','https://yourwebsite.com/images/product127.jpg',7.15,'Product 127','SPORTS'),(1128,'Product Description 128','https://yourwebsite.com/images/product128.jpg',67.84,'Product 128','SPORTS'),(1129,'Product Description 129','https://yourwebsite.com/images/product129.jpg',17.76,'Product 129','KITCHEN'),(1130,'Product Description 130','https://yourwebsite.com/images/product130.jpg',85.28,'Product 130','KITCHEN'),(1131,'Product Description 131','https://yourwebsite.com/images/product131.jpg',73.12,'Product 131','SPORTS'),(1132,'Product Description 132','https://yourwebsite.com/images/product132.jpg',9.77,'Product 132','KITCHEN'),(1133,'Product Description 133','https://yourwebsite.com/images/product133.jpg',29.46,'Product 133','KITCHEN'),(1134,'Product Description 134','https://yourwebsite.com/images/product134.jpg',18.03,'Product 134','KITCHEN'),(1135,'Product Description 135','https://yourwebsite.com/images/product135.jpg',1.74,'Product 135','KITCHEN'),(1136,'Product Description 136','https://yourwebsite.com/images/product136.jpg',54.6,'Product 136','KITCHEN'),(1137,'Product Description 137','https://yourwebsite.com/images/product137.jpg',67.81,'Product 137','SPORTS'),(1138,'Product Description 138','https://yourwebsite.com/images/product138.jpg',75.26,'Product 138','HOME'),(1139,'Product Description 139','https://yourwebsite.com/images/product139.jpg',72.85,'Product 139','HOME'),(1140,'Product Description 140','https://yourwebsite.com/images/product140.jpg',38.45,'Product 140','ELECTRONICS'),(1141,'Product Description 141','https://yourwebsite.com/images/product141.jpg',73.73,'Product 141','SPORTS'),(1142,'Product Description 142','https://yourwebsite.com/images/product142.jpg',53.3,'Product 142','HOME'),(1143,'Product Description 143','https://yourwebsite.com/images/product143.jpg',45.28,'Product 143','ELECTRONICS'),(1144,'Product Description 144','https://yourwebsite.com/images/product144.jpg',66.53,'Product 144','KITCHEN'),(1145,'Product Description 145','https://yourwebsite.com/images/product145.jpg',96.79,'Product 145','HOME'),(1146,'Product Description 146','https://yourwebsite.com/images/product146.jpg',84.37,'Product 146','ELECTRONICS'),(1147,'Product Description 147','https://yourwebsite.com/images/product147.jpg',31.48,'Product 147','ELECTRONICS'),(1148,'Product Description 148','https://yourwebsite.com/images/product148.jpg',4.27,'Product 148','ELECTRONICS'),(1149,'Product Description 149','https://yourwebsite.com/images/product149.jpg',26.94,'Product 149','KITCHEN'),(1150,'Product Description 150','https://yourwebsite.com/images/product150.jpg',21.88,'Product 150','SPORTS'),(1151,'Product Description 151','https://yourwebsite.com/images/product151.jpg',28.57,'Product 151','HOME'),(1152,'Product Description 152','https://yourwebsite.com/images/product152.jpg',77.23,'Product 152','SPORTS'),(1153,'Product Description 153','https://yourwebsite.com/images/product153.jpg',0.43,'Product 153','SPORTS'),(1154,'Product Description 154','https://yourwebsite.com/images/product154.jpg',70.48,'Product 154','KITCHEN'),(1155,'Product Description 155','https://yourwebsite.com/images/product155.jpg',51.08,'Product 155','SPORTS'),(1156,'Product Description 156','https://yourwebsite.com/images/product156.jpg',43.98,'Product 156','KITCHEN'),(1157,'Product Description 157','https://yourwebsite.com/images/product157.jpg',66.65,'Product 157','ELECTRONICS'),(1158,'Product Description 158','https://yourwebsite.com/images/product158.jpg',1.33,'Product 158','SPORTS'),(1159,'Product Description 159','https://yourwebsite.com/images/product159.jpg',6.69,'Product 159','ELECTRONICS'),(1160,'Product Description 160','https://yourwebsite.com/images/product160.jpg',29.48,'Product 160','HOME'),(1161,'Product Description 161','https://yourwebsite.com/images/product161.jpg',27.29,'Product 161','SPORTS'),(1162,'Product Description 162','https://yourwebsite.com/images/product162.jpg',48.05,'Product 162','KITCHEN'),(1163,'Product Description 163','https://yourwebsite.com/images/product163.jpg',58.35,'Product 163','HOME'),(1164,'Product Description 164','https://yourwebsite.com/images/product164.jpg',47.62,'Product 164','HOME'),(1165,'Product Description 165','https://yourwebsite.com/images/product165.jpg',63.03,'Product 165','KITCHEN'),(1166,'Product Description 166','https://yourwebsite.com/images/product166.jpg',72.3,'Product 166','SPORTS'),(1167,'Product Description 167','https://yourwebsite.com/images/product167.jpg',72.39,'Product 167','HOME'),(1168,'Product Description 168','https://yourwebsite.com/images/product168.jpg',45.07,'Product 168','ELECTRONICS'),(1169,'Product Description 169','https://yourwebsite.com/images/product169.jpg',8.18,'Product 169','HOME'),(1170,'Product Description 170','https://yourwebsite.com/images/product170.jpg',5.7,'Product 170','SPORTS'),(1171,'Product Description 171','https://yourwebsite.com/images/product171.jpg',3.94,'Product 171','KITCHEN'),(1172,'Product Description 172','https://yourwebsite.com/images/product172.jpg',2.63,'Product 172','ELECTRONICS'),(1173,'Product Description 173','https://yourwebsite.com/images/product173.jpg',1.3,'Product 173','ELECTRONICS'),(1174,'Product Description 174','https://yourwebsite.com/images/product174.jpg',98.63,'Product 174','HOME'),(1175,'Product Description 175','https://yourwebsite.com/images/product175.jpg',89.23,'Product 175','SPORTS'),(1176,'Product Description 176','https://yourwebsite.com/images/product176.jpg',50.26,'Product 176','KITCHEN'),(1177,'Product Description 177','https://yourwebsite.com/images/product177.jpg',83.61,'Product 177','SPORTS'),(1178,'Product Description 178','https://yourwebsite.com/images/product178.jpg',67.26,'Product 178','HOME'),(1179,'Product Description 179','https://yourwebsite.com/images/product179.jpg',85.5,'Product 179','HOME'),(1180,'Product Description 180','https://yourwebsite.com/images/product180.jpg',25.71,'Product 180','ELECTRONICS'),(1181,'Product Description 181','https://yourwebsite.com/images/product181.jpg',72.03,'Product 181','ELECTRONICS'),(1182,'Product Description 182','https://yourwebsite.com/images/product182.jpg',83.04,'Product 182','SPORTS'),(1183,'Product Description 183','https://yourwebsite.com/images/product183.jpg',99.09,'Product 183','HOME'),(1184,'Product Description 184','https://yourwebsite.com/images/product184.jpg',46.33,'Product 184','HOME'),(1185,'Product Description 185','https://yourwebsite.com/images/product185.jpg',34.38,'Product 185','ELECTRONICS'),(1186,'Product Description 186','https://yourwebsite.com/images/product186.jpg',32.9,'Product 186','HOME'),(1187,'Product Description 187','https://yourwebsite.com/images/product187.jpg',61.35,'Product 187','SPORTS'),(1188,'Product Description 188','https://yourwebsite.com/images/product188.jpg',8.06,'Product 188','ELECTRONICS'),(1189,'Product Description 189','https://yourwebsite.com/images/product189.jpg',56.25,'Product 189','ELECTRONICS'),(1190,'Product Description 190','https://yourwebsite.com/images/product190.jpg',57.08,'Product 190','KITCHEN'),(1191,'Product Description 191','https://yourwebsite.com/images/product191.jpg',16.66,'Product 191','KITCHEN'),(1192,'Product Description 192','https://yourwebsite.com/images/product192.jpg',12.06,'Product 192','ELECTRONICS'),(1193,'Product Description 193','https://yourwebsite.com/images/product193.jpg',10.31,'Product 193','HOME'),(1194,'Product Description 194','https://yourwebsite.com/images/product194.jpg',15.39,'Product 194','KITCHEN'),(1195,'Product Description 195','https://yourwebsite.com/images/product195.jpg',46.02,'Product 195','HOME'),(1196,'Product Description 196','https://yourwebsite.com/images/product196.jpg',83.92,'Product 196','HOME'),(1197,'Product Description 197','https://yourwebsite.com/images/product197.jpg',81.56,'Product 197','SPORTS'),(1198,'Product Description 198','https://yourwebsite.com/images/product198.jpg',56.02,'Product 198','KITCHEN'),(1199,'Product Description 199','https://yourwebsite.com/images/product199.jpg',35.41,'Product 199','KITCHEN'),(1200,'Product Description 200','https://yourwebsite.com/images/product200.jpg',9,'Product 200','KITCHEN'),(1201,'Product Description 201','https://yourwebsite.com/images/product201.jpg',38.76,'Product 201','HOME'),(1202,'Product Description 202','https://yourwebsite.com/images/product202.jpg',66.8,'Product 202','ELECTRONICS'),(1203,'Product Description 203','https://yourwebsite.com/images/product203.jpg',17.74,'Product 203','HOME'),(1204,'Product Description 204','https://yourwebsite.com/images/product204.jpg',88.31,'Product 204','KITCHEN'),(1205,'Product Description 205','https://yourwebsite.com/images/product205.jpg',88.3,'Product 205','SPORTS'),(1206,'Product Description 206','https://yourwebsite.com/images/product206.jpg',76.58,'Product 206','KITCHEN'),(1207,'Product Description 207','https://yourwebsite.com/images/product207.jpg',18,'Product 207','KITCHEN'),(1208,'Product Description 208','https://yourwebsite.com/images/product208.jpg',60.26,'Product 208','HOME'),(1209,'Product Description 209','https://yourwebsite.com/images/product209.jpg',47.29,'Product 209','ELECTRONICS'),(1210,'Product Description 210','https://yourwebsite.com/images/product210.jpg',55.69,'Product 210','ELECTRONICS'),(1211,'Product Description 211','https://yourwebsite.com/images/product211.jpg',36.57,'Product 211','ELECTRONICS'),(1212,'Product Description 212','https://yourwebsite.com/images/product212.jpg',15.76,'Product 212','HOME'),(1213,'Product Description 213','https://yourwebsite.com/images/product213.jpg',69.1,'Product 213','KITCHEN'),(1214,'Product Description 214','https://yourwebsite.com/images/product214.jpg',98.24,'Product 214','HOME'),(1215,'Product Description 215','https://yourwebsite.com/images/product215.jpg',83.9,'Product 215','HOME'),(1216,'Product Description 216','https://yourwebsite.com/images/product216.jpg',24.77,'Product 216','HOME'),(1217,'Product Description 217','https://yourwebsite.com/images/product217.jpg',72.15,'Product 217','SPORTS'),(1218,'Product Description 218','https://yourwebsite.com/images/product218.jpg',86.45,'Product 218','ELECTRONICS'),(1219,'Product Description 219','https://yourwebsite.com/images/product219.jpg',15.78,'Product 219','KITCHEN'),(1220,'Product Description 220','https://yourwebsite.com/images/product220.jpg',19.58,'Product 220','KITCHEN'),(1221,'Product Description 221','https://yourwebsite.com/images/product221.jpg',50.53,'Product 221','SPORTS'),(1222,'Product Description 222','https://yourwebsite.com/images/product222.jpg',93.94,'Product 222','HOME'),(1223,'Product Description 223','https://yourwebsite.com/images/product223.jpg',18.09,'Product 223','ELECTRONICS'),(1224,'Product Description 224','https://yourwebsite.com/images/product224.jpg',8.62,'Product 224','SPORTS'),(1225,'Product Description 225','https://yourwebsite.com/images/product225.jpg',88.85,'Product 225','HOME'),(1226,'Product Description 226','https://yourwebsite.com/images/product226.jpg',18.39,'Product 226','KITCHEN'),(1227,'Product Description 227','https://yourwebsite.com/images/product227.jpg',25.41,'Product 227','KITCHEN'),(1228,'Product Description 228','https://yourwebsite.com/images/product228.jpg',71.85,'Product 228','SPORTS'),(1229,'Product Description 229','https://yourwebsite.com/images/product229.jpg',83.04,'Product 229','KITCHEN'),(1230,'Product Description 230','https://yourwebsite.com/images/product230.jpg',99.63,'Product 230','ELECTRONICS'),(1231,'Product Description 231','https://yourwebsite.com/images/product231.jpg',49.04,'Product 231','KITCHEN'),(1232,'Product Description 232','https://yourwebsite.com/images/product232.jpg',46.31,'Product 232','HOME'),(1233,'Product Description 233','https://yourwebsite.com/images/product233.jpg',84.41,'Product 233','ELECTRONICS'),(1234,'Product Description 234','https://yourwebsite.com/images/product234.jpg',83.14,'Product 234','KITCHEN'),(1235,'Product Description 235','https://yourwebsite.com/images/product235.jpg',62.46,'Product 235','KITCHEN'),(1236,'Product Description 236','https://yourwebsite.com/images/product236.jpg',62.88,'Product 236','ELECTRONICS'),(1237,'Product Description 237','https://yourwebsite.com/images/product237.jpg',27.03,'Product 237','HOME'),(1238,'Product Description 238','https://yourwebsite.com/images/product238.jpg',46.52,'Product 238','KITCHEN'),(1239,'Product Description 239','https://yourwebsite.com/images/product239.jpg',51.49,'Product 239','SPORTS'),(1240,'Product Description 240','https://yourwebsite.com/images/product240.jpg',17.89,'Product 240','ELECTRONICS'),(1241,'Product Description 241','https://yourwebsite.com/images/product241.jpg',34.98,'Product 241','SPORTS'),(1242,'Product Description 242','https://yourwebsite.com/images/product242.jpg',21.22,'Product 242','HOME'),(1243,'Product Description 243','https://yourwebsite.com/images/product243.jpg',1.16,'Product 243','HOME'),(1244,'Product Description 244','https://yourwebsite.com/images/product244.jpg',42.16,'Product 244','ELECTRONICS'),(1245,'Product Description 245','https://yourwebsite.com/images/product245.jpg',7.32,'Product 245','HOME'),(1246,'Product Description 246','https://yourwebsite.com/images/product246.jpg',10.09,'Product 246','ELECTRONICS'),(1247,'Product Description 247','https://yourwebsite.com/images/product247.jpg',28.52,'Product 247','HOME'),(1248,'Product Description 248','https://yourwebsite.com/images/product248.jpg',12.31,'Product 248','HOME'),(1249,'Product Description 249','https://yourwebsite.com/images/product249.jpg',76.01,'Product 249','SPORTS'),(1250,'Product Description 250','https://yourwebsite.com/images/product250.jpg',43.12,'Product 250','ELECTRONICS'),(1251,'Product Description 251','https://yourwebsite.com/images/product251.jpg',87.57,'Product 251','KITCHEN'),(1252,'Product Description 252','https://yourwebsite.com/images/product252.jpg',8.47,'Product 252','HOME'),(1253,'Product Description 253','https://yourwebsite.com/images/product253.jpg',79.65,'Product 253','SPORTS'),(1254,'Product Description 254','https://yourwebsite.com/images/product254.jpg',72.84,'Product 254','HOME'),(1255,'Product Description 255','https://yourwebsite.com/images/product255.jpg',25.25,'Product 255','ELECTRONICS'),(1256,'Product Description 256','https://yourwebsite.com/images/product256.jpg',7.73,'Product 256','HOME'),(1257,'Product Description 257','https://yourwebsite.com/images/product257.jpg',62.89,'Product 257','HOME'),(1258,'Product Description 258','https://yourwebsite.com/images/product258.jpg',91.26,'Product 258','KITCHEN'),(1259,'Product Description 259','https://yourwebsite.com/images/product259.jpg',67.64,'Product 259','SPORTS'),(1260,'Product Description 260','https://yourwebsite.com/images/product260.jpg',64.41,'Product 260','HOME'),(1261,'Product Description 261','https://yourwebsite.com/images/product261.jpg',19.14,'Product 261','KITCHEN'),(1262,'Product Description 262','https://yourwebsite.com/images/product262.jpg',2.48,'Product 262','ELECTRONICS'),(1263,'Product Description 263','https://yourwebsite.com/images/product263.jpg',54.98,'Product 263','KITCHEN'),(1264,'Product Description 264','https://yourwebsite.com/images/product264.jpg',67.46,'Product 264','SPORTS'),(1265,'Product Description 265','https://yourwebsite.com/images/product265.jpg',72.34,'Product 265','SPORTS'),(1266,'Product Description 266','https://yourwebsite.com/images/product266.jpg',59.32,'Product 266','SPORTS'),(1267,'Product Description 267','https://yourwebsite.com/images/product267.jpg',79.6,'Product 267','ELECTRONICS'),(1268,'Product Description 268','https://yourwebsite.com/images/product268.jpg',20.02,'Product 268','SPORTS'),(1269,'Product Description 269','https://yourwebsite.com/images/product269.jpg',61.29,'Product 269','ELECTRONICS'),(1270,'Product Description 270','https://yourwebsite.com/images/product270.jpg',46.4,'Product 270','KITCHEN'),(1271,'Product Description 271','https://yourwebsite.com/images/product271.jpg',48.13,'Product 271','SPORTS'),(1272,'Product Description 272','https://yourwebsite.com/images/product272.jpg',1.47,'Product 272','SPORTS'),(1273,'Product Description 273','https://yourwebsite.com/images/product273.jpg',62.94,'Product 273','ELECTRONICS'),(1274,'Product Description 274','https://yourwebsite.com/images/product274.jpg',10.27,'Product 274','ELECTRONICS'),(1275,'Product Description 275','https://yourwebsite.com/images/product275.jpg',62.57,'Product 275','HOME'),(1276,'Product Description 276','https://yourwebsite.com/images/product276.jpg',82.01,'Product 276','HOME'),(1277,'Product Description 277','https://yourwebsite.com/images/product277.jpg',22.34,'Product 277','ELECTRONICS'),(1278,'Product Description 278','https://yourwebsite.com/images/product278.jpg',65.66,'Product 278','ELECTRONICS'),(1279,'Product Description 279','https://yourwebsite.com/images/product279.jpg',61.29,'Product 279','ELECTRONICS'),(1280,'Product Description 280','https://yourwebsite.com/images/product280.jpg',9.49,'Product 280','ELECTRONICS'),(1281,'Product Description 281','https://yourwebsite.com/images/product281.jpg',63.55,'Product 281','ELECTRONICS'),(1282,'Product Description 282','https://yourwebsite.com/images/product282.jpg',89.27,'Product 282','SPORTS'),(1283,'Product Description 283','https://yourwebsite.com/images/product283.jpg',55.73,'Product 283','SPORTS'),(1284,'Product Description 284','https://yourwebsite.com/images/product284.jpg',10.82,'Product 284','SPORTS'),(1285,'Product Description 285','https://yourwebsite.com/images/product285.jpg',86.9,'Product 285','HOME'),(1286,'Product Description 286','https://yourwebsite.com/images/product286.jpg',2.04,'Product 286','ELECTRONICS'),(1287,'Product Description 287','https://yourwebsite.com/images/product287.jpg',49.53,'Product 287','KITCHEN'),(1288,'Product Description 288','https://yourwebsite.com/images/product288.jpg',41.49,'Product 288','SPORTS'),(1289,'Product Description 289','https://yourwebsite.com/images/product289.jpg',58.89,'Product 289','KITCHEN'),(1290,'Product Description 290','https://yourwebsite.com/images/product290.jpg',69.99,'Product 290','KITCHEN'),(1291,'Product Description 291','https://yourwebsite.com/images/product291.jpg',73.27,'Product 291','ELECTRONICS'),(1292,'Product Description 292','https://yourwebsite.com/images/product292.jpg',56.38,'Product 292','HOME'),(1293,'Product Description 293','https://yourwebsite.com/images/product293.jpg',62.07,'Product 293','ELECTRONICS'),(1294,'Product Description 294','https://yourwebsite.com/images/product294.jpg',41.22,'Product 294','KITCHEN'),(1295,'Product Description 295','https://yourwebsite.com/images/product295.jpg',19.91,'Product 295','HOME'),(1296,'Product Description 296','https://yourwebsite.com/images/product296.jpg',75.88,'Product 296','SPORTS'),(1297,'Product Description 297','https://yourwebsite.com/images/product297.jpg',19.65,'Product 297','HOME'),(1298,'Product Description 298','https://yourwebsite.com/images/product298.jpg',70.63,'Product 298','SPORTS'),(1299,'Product Description 299','https://yourwebsite.com/images/product299.jpg',94.19,'Product 299','KITCHEN'),(1300,'Product Description 300','https://yourwebsite.com/images/product300.jpg',59.06,'Product 300','HOME'),(1301,'Product Description 301','https://yourwebsite.com/images/product301.jpg',12.73,'Product 301','ELECTRONICS'),(1302,'Product Description 302','https://yourwebsite.com/images/product302.jpg',86.47,'Product 302','SPORTS'),(1303,'Product Description 303','https://yourwebsite.com/images/product303.jpg',94.16,'Product 303','KITCHEN'),(1304,'Product Description 304','https://yourwebsite.com/images/product304.jpg',11.4,'Product 304','HOME'),(1305,'Product Description 305','https://yourwebsite.com/images/product305.jpg',74.53,'Product 305','HOME'),(1306,'Product Description 306','https://yourwebsite.com/images/product306.jpg',38.43,'Product 306','HOME'),(1307,'Product Description 307','https://yourwebsite.com/images/product307.jpg',68.58,'Product 307','HOME'),(1308,'Product Description 308','https://yourwebsite.com/images/product308.jpg',27.6,'Product 308','SPORTS'),(1309,'Product Description 309','https://yourwebsite.com/images/product309.jpg',32.26,'Product 309','HOME'),(1310,'Product Description 310','https://yourwebsite.com/images/product310.jpg',78.49,'Product 310','ELECTRONICS'),(1311,'Product Description 311','https://yourwebsite.com/images/product311.jpg',95.69,'Product 311','HOME'),(1312,'Product Description 312','https://yourwebsite.com/images/product312.jpg',42.99,'Product 312','ELECTRONICS'),(1313,'Product Description 313','https://yourwebsite.com/images/product313.jpg',27.86,'Product 313','KITCHEN'),(1314,'Product Description 314','https://yourwebsite.com/images/product314.jpg',10.32,'Product 314','KITCHEN'),(1315,'Product Description 315','https://yourwebsite.com/images/product315.jpg',68.03,'Product 315','KITCHEN'),(1316,'Product Description 316','https://yourwebsite.com/images/product316.jpg',9.21,'Product 316','HOME'),(1317,'Product Description 317','https://yourwebsite.com/images/product317.jpg',41.93,'Product 317','KITCHEN'),(1318,'Product Description 318','https://yourwebsite.com/images/product318.jpg',82.03,'Product 318','KITCHEN'),(1319,'Product Description 319','https://yourwebsite.com/images/product319.jpg',84.38,'Product 319','SPORTS'),(1320,'Product Description 320','https://yourwebsite.com/images/product320.jpg',75.8,'Product 320','ELECTRONICS'),(1321,'Product Description 321','https://yourwebsite.com/images/product321.jpg',25.85,'Product 321','KITCHEN'),(1322,'Product Description 322','https://yourwebsite.com/images/product322.jpg',1.84,'Product 322','ELECTRONICS'),(1323,'Product Description 323','https://yourwebsite.com/images/product323.jpg',31.66,'Product 323','SPORTS'),(1324,'Product Description 324','https://yourwebsite.com/images/product324.jpg',52.78,'Product 324','ELECTRONICS'),(1325,'Product Description 325','https://yourwebsite.com/images/product325.jpg',68.92,'Product 325','SPORTS'),(1326,'Product Description 326','https://yourwebsite.com/images/product326.jpg',86.27,'Product 326','SPORTS'),(1327,'Product Description 327','https://yourwebsite.com/images/product327.jpg',24.6,'Product 327','HOME'),(1328,'Product Description 328','https://yourwebsite.com/images/product328.jpg',64.18,'Product 328','KITCHEN'),(1329,'Product Description 329','https://yourwebsite.com/images/product329.jpg',47.1,'Product 329','HOME'),(1330,'Product Description 330','https://yourwebsite.com/images/product330.jpg',42.97,'Product 330','HOME'),(1331,'Product Description 331','https://yourwebsite.com/images/product331.jpg',73.56,'Product 331','SPORTS'),(1332,'Product Description 332','https://yourwebsite.com/images/product332.jpg',38.86,'Product 332','SPORTS'),(1333,'Product Description 333','https://yourwebsite.com/images/product333.jpg',73.65,'Product 333','KITCHEN'),(1334,'Product Description 334','https://yourwebsite.com/images/product334.jpg',51.67,'Product 334','SPORTS'),(1335,'Product Description 335','https://yourwebsite.com/images/product335.jpg',37.4,'Product 335','ELECTRONICS'),(1336,'Product Description 336','https://yourwebsite.com/images/product336.jpg',31.99,'Product 336','SPORTS'),(1337,'Product Description 337','https://yourwebsite.com/images/product337.jpg',47.76,'Product 337','SPORTS'),(1338,'Product Description 338','https://yourwebsite.com/images/product338.jpg',42.8,'Product 338','HOME'),(1339,'Product Description 339','https://yourwebsite.com/images/product339.jpg',70.73,'Product 339','HOME'),(1340,'Product Description 340','https://yourwebsite.com/images/product340.jpg',25.27,'Product 340','SPORTS'),(1341,'Product Description 341','https://yourwebsite.com/images/product341.jpg',14.13,'Product 341','ELECTRONICS'),(1342,'Product Description 342','https://yourwebsite.com/images/product342.jpg',94.85,'Product 342','SPORTS'),(1343,'Product Description 343','https://yourwebsite.com/images/product343.jpg',31.87,'Product 343','SPORTS'),(1344,'Product Description 344','https://yourwebsite.com/images/product344.jpg',74.81,'Product 344','SPORTS'),(1345,'Product Description 345','https://yourwebsite.com/images/product345.jpg',78.43,'Product 345','ELECTRONICS'),(1346,'Product Description 346','https://yourwebsite.com/images/product346.jpg',67.72,'Product 346','ELECTRONICS'),(1347,'Product Description 347','https://yourwebsite.com/images/product347.jpg',3.33,'Product 347','ELECTRONICS'),(1348,'Product Description 348','https://yourwebsite.com/images/product348.jpg',13.48,'Product 348','KITCHEN'),(1349,'Product Description 349','https://yourwebsite.com/images/product349.jpg',57.4,'Product 349','HOME'),(1350,'Product Description 350','https://yourwebsite.com/images/product350.jpg',46.56,'Product 350','SPORTS'),(1351,'Product Description 351','https://yourwebsite.com/images/product351.jpg',60.61,'Product 351','HOME'),(1352,'Product Description 352','https://yourwebsite.com/images/product352.jpg',63.37,'Product 352','HOME'),(1353,'Product Description 353','https://yourwebsite.com/images/product353.jpg',35.01,'Product 353','HOME'),(1354,'Product Description 354','https://yourwebsite.com/images/product354.jpg',84.96,'Product 354','KITCHEN'),(1355,'Product Description 355','https://yourwebsite.com/images/product355.jpg',19.75,'Product 355','HOME'),(1356,'Product Description 356','https://yourwebsite.com/images/product356.jpg',43.88,'Product 356','KITCHEN'),(1357,'Product Description 357','https://yourwebsite.com/images/product357.jpg',60.16,'Product 357','SPORTS'),(1358,'Product Description 358','https://yourwebsite.com/images/product358.jpg',69.14,'Product 358','KITCHEN'),(1359,'Product Description 359','https://yourwebsite.com/images/product359.jpg',65.22,'Product 359','SPORTS'),(1360,'Product Description 360','https://yourwebsite.com/images/product360.jpg',18.68,'Product 360','KITCHEN'),(1361,'Product Description 361','https://yourwebsite.com/images/product361.jpg',97.74,'Product 361','HOME'),(1362,'Product Description 362','https://yourwebsite.com/images/product362.jpg',32.67,'Product 362','HOME'),(1363,'Product Description 363','https://yourwebsite.com/images/product363.jpg',70.13,'Product 363','HOME'),(1364,'Product Description 364','https://yourwebsite.com/images/product364.jpg',52.64,'Product 364','HOME'),(1365,'Product Description 365','https://yourwebsite.com/images/product365.jpg',52.81,'Product 365','HOME'),(1366,'Product Description 366','https://yourwebsite.com/images/product366.jpg',6.15,'Product 366','ELECTRONICS'),(1367,'Product Description 367','https://yourwebsite.com/images/product367.jpg',72.3,'Product 367','KITCHEN'),(1368,'Product Description 368','https://yourwebsite.com/images/product368.jpg',43.03,'Product 368','HOME'),(1369,'Product Description 369','https://yourwebsite.com/images/product369.jpg',98.28,'Product 369','SPORTS'),(1370,'Product Description 370','https://yourwebsite.com/images/product370.jpg',62.29,'Product 370','ELECTRONICS'),(1371,'Product Description 371','https://yourwebsite.com/images/product371.jpg',16.62,'Product 371','SPORTS'),(1372,'Product Description 372','https://yourwebsite.com/images/product372.jpg',96.23,'Product 372','HOME'),(1373,'Product Description 373','https://yourwebsite.com/images/product373.jpg',31.29,'Product 373','HOME'),(1374,'Product Description 374','https://yourwebsite.com/images/product374.jpg',67.74,'Product 374','ELECTRONICS'),(1375,'Product Description 375','https://yourwebsite.com/images/product375.jpg',44.83,'Product 375','ELECTRONICS'),(1376,'Product Description 376','https://yourwebsite.com/images/product376.jpg',20.95,'Product 376','SPORTS'),(1377,'Product Description 377','https://yourwebsite.com/images/product377.jpg',70.27,'Product 377','ELECTRONICS'),(1378,'Product Description 378','https://yourwebsite.com/images/product378.jpg',88.49,'Product 378','HOME'),(1379,'Product Description 379','https://yourwebsite.com/images/product379.jpg',31.66,'Product 379','SPORTS'),(1380,'Product Description 380','https://yourwebsite.com/images/product380.jpg',92.81,'Product 380','KITCHEN'),(1381,'Product Description 381','https://yourwebsite.com/images/product381.jpg',69.06,'Product 381','SPORTS'),(1382,'Product Description 382','https://yourwebsite.com/images/product382.jpg',66.88,'Product 382','ELECTRONICS'),(1383,'Product Description 383','https://yourwebsite.com/images/product383.jpg',27.22,'Product 383','HOME'),(1384,'Product Description 384','https://yourwebsite.com/images/product384.jpg',35.46,'Product 384','SPORTS'),(1385,'Product Description 385','https://yourwebsite.com/images/product385.jpg',95.63,'Product 385','HOME'),(1386,'Product Description 386','https://yourwebsite.com/images/product386.jpg',71.79,'Product 386','ELECTRONICS'),(1387,'Product Description 387','https://yourwebsite.com/images/product387.jpg',72.03,'Product 387','HOME'),(1388,'Product Description 388','https://yourwebsite.com/images/product388.jpg',44.81,'Product 388','SPORTS'),(1389,'Product Description 389','https://yourwebsite.com/images/product389.jpg',7.94,'Product 389','ELECTRONICS'),(1390,'Product Description 390','https://yourwebsite.com/images/product390.jpg',5.28,'Product 390','ELECTRONICS'),(1391,'Product Description 391','https://yourwebsite.com/images/product391.jpg',2.58,'Product 391','SPORTS'),(1392,'Product Description 392','https://yourwebsite.com/images/product392.jpg',97.06,'Product 392','HOME'),(1393,'Product Description 393','https://yourwebsite.com/images/product393.jpg',77.56,'Product 393','SPORTS'),(1394,'Product Description 394','https://yourwebsite.com/images/product394.jpg',96.61,'Product 394','KITCHEN'),(1395,'Product Description 395','https://yourwebsite.com/images/product395.jpg',50.37,'Product 395','KITCHEN'),(1396,'Product Description 396','https://yourwebsite.com/images/product396.jpg',62,'Product 396','SPORTS'),(1397,'Product Description 397','https://yourwebsite.com/images/product397.jpg',58.92,'Product 397','ELECTRONICS'),(1398,'Product Description 398','https://yourwebsite.com/images/product398.jpg',8.61,'Product 398','SPORTS'),(1399,'Product Description 399','https://yourwebsite.com/images/product399.jpg',66.28,'Product 399','ELECTRONICS'),(1400,'Product Description 400','https://yourwebsite.com/images/product400.jpg',5.55,'Product 400','KITCHEN'),(1401,'Product Description 401','https://yourwebsite.com/images/product401.jpg',28.94,'Product 401','ELECTRONICS'),(1402,'Product Description 402','https://yourwebsite.com/images/product402.jpg',28.03,'Product 402','ELECTRONICS'),(1403,'Product Description 403','https://yourwebsite.com/images/product403.jpg',53.35,'Product 403','KITCHEN'),(1404,'Product Description 404','https://yourwebsite.com/images/product404.jpg',82.63,'Product 404','SPORTS'),(1405,'Product Description 405','https://yourwebsite.com/images/product405.jpg',53.13,'Product 405','HOME'),(1406,'Product Description 406','https://yourwebsite.com/images/product406.jpg',17.73,'Product 406','KITCHEN'),(1407,'Product Description 407','https://yourwebsite.com/images/product407.jpg',29.26,'Product 407','ELECTRONICS'),(1408,'Product Description 408','https://yourwebsite.com/images/product408.jpg',93.13,'Product 408','KITCHEN'),(1409,'Product Description 409','https://yourwebsite.com/images/product409.jpg',77.88,'Product 409','KITCHEN'),(1410,'Product Description 410','https://yourwebsite.com/images/product410.jpg',9.98,'Product 410','HOME'),(1411,'Product Description 411','https://yourwebsite.com/images/product411.jpg',16.27,'Product 411','KITCHEN'),(1412,'Product Description 412','https://yourwebsite.com/images/product412.jpg',51.41,'Product 412','HOME'),(1413,'Product Description 413','https://yourwebsite.com/images/product413.jpg',8.26,'Product 413','SPORTS'),(1414,'Product Description 414','https://yourwebsite.com/images/product414.jpg',87.05,'Product 414','SPORTS'),(1415,'Product Description 415','https://yourwebsite.com/images/product415.jpg',10.48,'Product 415','HOME'),(1416,'Product Description 416','https://yourwebsite.com/images/product416.jpg',91.24,'Product 416','KITCHEN'),(1417,'Product Description 417','https://yourwebsite.com/images/product417.jpg',24.78,'Product 417','ELECTRONICS'),(1418,'Product Description 418','https://yourwebsite.com/images/product418.jpg',50.15,'Product 418','KITCHEN'),(1419,'Product Description 419','https://yourwebsite.com/images/product419.jpg',76.42,'Product 419','KITCHEN'),(1420,'Product Description 420','https://yourwebsite.com/images/product420.jpg',31.65,'Product 420','SPORTS'),(1421,'Product Description 421','https://yourwebsite.com/images/product421.jpg',29,'Product 421','SPORTS'),(1422,'Product Description 422','https://yourwebsite.com/images/product422.jpg',50.06,'Product 422','SPORTS'),(1423,'Product Description 423','https://yourwebsite.com/images/product423.jpg',63.27,'Product 423','ELECTRONICS'),(1424,'Product Description 424','https://yourwebsite.com/images/product424.jpg',66.19,'Product 424','KITCHEN'),(1425,'Product Description 425','https://yourwebsite.com/images/product425.jpg',41.14,'Product 425','KITCHEN'),(1426,'Product Description 426','https://yourwebsite.com/images/product426.jpg',7.12,'Product 426','KITCHEN'),(1427,'Product Description 427','https://yourwebsite.com/images/product427.jpg',12.18,'Product 427','SPORTS'),(1428,'Product Description 428','https://yourwebsite.com/images/product428.jpg',39.56,'Product 428','ELECTRONICS'),(1429,'Product Description 429','https://yourwebsite.com/images/product429.jpg',61.23,'Product 429','SPORTS'),(1430,'Product Description 430','https://yourwebsite.com/images/product430.jpg',87.47,'Product 430','ELECTRONICS'),(1431,'Product Description 431','https://yourwebsite.com/images/product431.jpg',53.68,'Product 431','KITCHEN'),(1432,'Product Description 432','https://yourwebsite.com/images/product432.jpg',6,'Product 432','KITCHEN'),(1433,'Product Description 433','https://yourwebsite.com/images/product433.jpg',68.94,'Product 433','KITCHEN'),(1434,'Product Description 434','https://yourwebsite.com/images/product434.jpg',26.69,'Product 434','HOME'),(1435,'Product Description 435','https://yourwebsite.com/images/product435.jpg',26.63,'Product 435','ELECTRONICS'),(1436,'Product Description 436','https://yourwebsite.com/images/product436.jpg',53.11,'Product 436','KITCHEN'),(1437,'Product Description 437','https://yourwebsite.com/images/product437.jpg',85.63,'Product 437','ELECTRONICS'),(1438,'Product Description 438','https://yourwebsite.com/images/product438.jpg',68.81,'Product 438','HOME'),(1439,'Product Description 439','https://yourwebsite.com/images/product439.jpg',87.19,'Product 439','ELECTRONICS'),(1440,'Product Description 440','https://yourwebsite.com/images/product440.jpg',29.49,'Product 440','ELECTRONICS'),(1441,'Product Description 441','https://yourwebsite.com/images/product441.jpg',85.91,'Product 441','HOME'),(1442,'Product Description 442','https://yourwebsite.com/images/product442.jpg',41.05,'Product 442','ELECTRONICS'),(1443,'Product Description 443','https://yourwebsite.com/images/product443.jpg',47.52,'Product 443','KITCHEN'),(1444,'Product Description 444','https://yourwebsite.com/images/product444.jpg',14.46,'Product 444','SPORTS'),(1445,'Product Description 445','https://yourwebsite.com/images/product445.jpg',29.72,'Product 445','ELECTRONICS'),(1446,'Product Description 446','https://yourwebsite.com/images/product446.jpg',5.24,'Product 446','SPORTS'),(1447,'Product Description 447','https://yourwebsite.com/images/product447.jpg',37.03,'Product 447','ELECTRONICS'),(1448,'Product Description 448','https://yourwebsite.com/images/product448.jpg',69.41,'Product 448','HOME'),(1449,'Product Description 449','https://yourwebsite.com/images/product449.jpg',36,'Product 449','KITCHEN'),(1450,'Product Description 450','https://yourwebsite.com/images/product450.jpg',71.74,'Product 450','ELECTRONICS'),(1451,'Product Description 451','https://yourwebsite.com/images/product451.jpg',50.7,'Product 451','KITCHEN'),(1452,'Product Description 452','https://yourwebsite.com/images/product452.jpg',38.29,'Product 452','ELECTRONICS'),(1453,'Product Description 453','https://yourwebsite.com/images/product453.jpg',39.35,'Product 453','SPORTS'),(1454,'Product Description 454','https://yourwebsite.com/images/product454.jpg',81.89,'Product 454','KITCHEN'),(1455,'Product Description 455','https://yourwebsite.com/images/product455.jpg',91.38,'Product 455','HOME'),(1456,'Product Description 456','https://yourwebsite.com/images/product456.jpg',11.22,'Product 456','KITCHEN'),(1457,'Product Description 457','https://yourwebsite.com/images/product457.jpg',81.97,'Product 457','ELECTRONICS'),(1458,'Product Description 458','https://yourwebsite.com/images/product458.jpg',76.18,'Product 458','ELECTRONICS'),(1459,'Product Description 459','https://yourwebsite.com/images/product459.jpg',34.98,'Product 459','KITCHEN'),(1460,'Product Description 460','https://yourwebsite.com/images/product460.jpg',46.39,'Product 460','HOME'),(1461,'Product Description 461','https://yourwebsite.com/images/product461.jpg',27.01,'Product 461','HOME'),(1462,'Product Description 462','https://yourwebsite.com/images/product462.jpg',95.88,'Product 462','SPORTS'),(1463,'Product Description 463','https://yourwebsite.com/images/product463.jpg',98.37,'Product 463','SPORTS'),(1464,'Product Description 464','https://yourwebsite.com/images/product464.jpg',4.21,'Product 464','KITCHEN'),(1465,'Product Description 465','https://yourwebsite.com/images/product465.jpg',25.92,'Product 465','HOME'),(1466,'Product Description 466','https://yourwebsite.com/images/product466.jpg',16.99,'Product 466','ELECTRONICS'),(1467,'Product Description 467','https://yourwebsite.com/images/product467.jpg',7.16,'Product 467','SPORTS'),(1468,'Product Description 468','https://yourwebsite.com/images/product468.jpg',84.86,'Product 468','ELECTRONICS'),(1469,'Product Description 469','https://yourwebsite.com/images/product469.jpg',2.82,'Product 469','KITCHEN'),(1470,'Product Description 470','https://yourwebsite.com/images/product470.jpg',59.51,'Product 470','SPORTS'),(1471,'Product Description 471','https://yourwebsite.com/images/product471.jpg',89.11,'Product 471','ELECTRONICS'),(1472,'Product Description 472','https://yourwebsite.com/images/product472.jpg',67.02,'Product 472','KITCHEN'),(1473,'Product Description 473','https://yourwebsite.com/images/product473.jpg',67.78,'Product 473','ELECTRONICS'),(1474,'Product Description 474','https://yourwebsite.com/images/product474.jpg',37.82,'Product 474','HOME'),(1475,'Product Description 475','https://yourwebsite.com/images/product475.jpg',85.76,'Product 475','HOME'),(1476,'Product Description 476','https://yourwebsite.com/images/product476.jpg',15.33,'Product 476','ELECTRONICS'),(1477,'Product Description 477','https://yourwebsite.com/images/product477.jpg',19.37,'Product 477','SPORTS'),(1478,'Product Description 478','https://yourwebsite.com/images/product478.jpg',50.89,'Product 478','SPORTS'),(1479,'Product Description 479','https://yourwebsite.com/images/product479.jpg',96.31,'Product 479','SPORTS'),(1480,'Product Description 480','https://yourwebsite.com/images/product480.jpg',28.88,'Product 480','HOME'),(1481,'Product Description 481','https://yourwebsite.com/images/product481.jpg',55.47,'Product 481','ELECTRONICS'),(1482,'Product Description 482','https://yourwebsite.com/images/product482.jpg',90.72,'Product 482','ELECTRONICS'),(1483,'Product Description 483','https://yourwebsite.com/images/product483.jpg',87.21,'Product 483','SPORTS'),(1484,'Product Description 484','https://yourwebsite.com/images/product484.jpg',63.86,'Product 484','HOME'),(1485,'Product Description 485','https://yourwebsite.com/images/product485.jpg',57.69,'Product 485','KITCHEN'),(1486,'Product Description 486','https://yourwebsite.com/images/product486.jpg',96.86,'Product 486','SPORTS'),(1487,'Product Description 487','https://yourwebsite.com/images/product487.jpg',11.24,'Product 487','SPORTS'),(1488,'Product Description 488','https://yourwebsite.com/images/product488.jpg',65.63,'Product 488','ELECTRONICS'),(1489,'Product Description 489','https://yourwebsite.com/images/product489.jpg',94.44,'Product 489','ELECTRONICS'),(1490,'Product Description 490','https://yourwebsite.com/images/product490.jpg',75.29,'Product 490','ELECTRONICS'),(1491,'Product Description 491','https://yourwebsite.com/images/product491.jpg',93.13,'Product 491','KITCHEN'),(1492,'Product Description 492','https://yourwebsite.com/images/product492.jpg',39.79,'Product 492','ELECTRONICS'),(1493,'Product Description 493','https://yourwebsite.com/images/product493.jpg',19.57,'Product 493','SPORTS'),(1494,'Product Description 494','https://yourwebsite.com/images/product494.jpg',78.46,'Product 494','ELECTRONICS'),(1495,'Product Description 495','https://yourwebsite.com/images/product495.jpg',33.62,'Product 495','SPORTS'),(1496,'Product Description 496','https://yourwebsite.com/images/product496.jpg',32.68,'Product 496','HOME'),(1497,'Product Description 497','https://yourwebsite.com/images/product497.jpg',62.57,'Product 497','HOME'),(1498,'Product Description 498','https://yourwebsite.com/images/product498.jpg',14.82,'Product 498','HOME'),(1499,'Product Description 499','https://yourwebsite.com/images/product499.jpg',86.37,'Product 499','ELECTRONICS'),(1500,'Product Description 500','https://yourwebsite.com/images/product500.jpg',87.38,'Product 500','SPORTS'),(1501,'Product Description 501','https://yourwebsite.com/images/product501.jpg',77.8,'Product 501','KITCHEN'),(1502,'Product Description 502','https://yourwebsite.com/images/product502.jpg',26.88,'Product 502','SPORTS'),(1503,'Product Description 503','https://yourwebsite.com/images/product503.jpg',0.97,'Product 503','KITCHEN'),(1504,'Product Description 504','https://yourwebsite.com/images/product504.jpg',24.21,'Product 504','ELECTRONICS'),(1505,'Product Description 505','https://yourwebsite.com/images/product505.jpg',18.14,'Product 505','SPORTS'),(1506,'Product Description 506','https://yourwebsite.com/images/product506.jpg',18.09,'Product 506','ELECTRONICS'),(1507,'Product Description 507','https://yourwebsite.com/images/product507.jpg',36.01,'Product 507','ELECTRONICS'),(1508,'Product Description 508','https://yourwebsite.com/images/product508.jpg',25.81,'Product 508','HOME'),(1509,'Product Description 509','https://yourwebsite.com/images/product509.jpg',20.99,'Product 509','ELECTRONICS'),(1510,'Product Description 510','https://yourwebsite.com/images/product510.jpg',27.51,'Product 510','SPORTS'),(1511,'Product Description 511','https://yourwebsite.com/images/product511.jpg',74.61,'Product 511','ELECTRONICS'),(1512,'Product Description 512','https://yourwebsite.com/images/product512.jpg',90.5,'Product 512','KITCHEN'),(1513,'Product Description 513','https://yourwebsite.com/images/product513.jpg',28.66,'Product 513','HOME'),(1514,'Product Description 514','https://yourwebsite.com/images/product514.jpg',71.83,'Product 514','KITCHEN'),(1515,'Product Description 515','https://yourwebsite.com/images/product515.jpg',73.15,'Product 515','KITCHEN'),(1516,'Product Description 516','https://yourwebsite.com/images/product516.jpg',50.28,'Product 516','SPORTS'),(1517,'Product Description 517','https://yourwebsite.com/images/product517.jpg',31.95,'Product 517','KITCHEN'),(1518,'Product Description 518','https://yourwebsite.com/images/product518.jpg',8.9,'Product 518','SPORTS'),(1519,'Product Description 519','https://yourwebsite.com/images/product519.jpg',48.65,'Product 519','KITCHEN'),(1520,'Product Description 520','https://yourwebsite.com/images/product520.jpg',16.53,'Product 520','HOME'),(1521,'Product Description 521','https://yourwebsite.com/images/product521.jpg',36.72,'Product 521','KITCHEN'),(1522,'Product Description 522','https://yourwebsite.com/images/product522.jpg',33.99,'Product 522','SPORTS'),(1523,'Product Description 523','https://yourwebsite.com/images/product523.jpg',59.79,'Product 523','SPORTS'),(1524,'Product Description 524','https://yourwebsite.com/images/product524.jpg',97.01,'Product 524','ELECTRONICS'),(1525,'Product Description 525','https://yourwebsite.com/images/product525.jpg',5.65,'Product 525','KITCHEN'),(1526,'Product Description 526','https://yourwebsite.com/images/product526.jpg',37.24,'Product 526','KITCHEN'),(1527,'Product Description 527','https://yourwebsite.com/images/product527.jpg',69.26,'Product 527','KITCHEN'),(1528,'Product Description 528','https://yourwebsite.com/images/product528.jpg',34.55,'Product 528','SPORTS'),(1529,'Product Description 529','https://yourwebsite.com/images/product529.jpg',64.98,'Product 529','ELECTRONICS'),(1530,'Product Description 530','https://yourwebsite.com/images/product530.jpg',21.25,'Product 530','ELECTRONICS'),(1531,'Product Description 531','https://yourwebsite.com/images/product531.jpg',11.31,'Product 531','SPORTS'),(1532,'Product Description 532','https://yourwebsite.com/images/product532.jpg',92.8,'Product 532','SPORTS'),(1533,'Product Description 533','https://yourwebsite.com/images/product533.jpg',30.08,'Product 533','KITCHEN'),(1534,'Product Description 534','https://yourwebsite.com/images/product534.jpg',71.98,'Product 534','ELECTRONICS'),(1535,'Product Description 535','https://yourwebsite.com/images/product535.jpg',69.67,'Product 535','ELECTRONICS'),(1536,'Product Description 536','https://yourwebsite.com/images/product536.jpg',32.4,'Product 536','ELECTRONICS'),(1537,'Product Description 537','https://yourwebsite.com/images/product537.jpg',53,'Product 537','ELECTRONICS'),(1538,'Product Description 538','https://yourwebsite.com/images/product538.jpg',67.78,'Product 538','HOME'),(1539,'Product Description 539','https://yourwebsite.com/images/product539.jpg',79.9,'Product 539','ELECTRONICS'),(1540,'Product Description 540','https://yourwebsite.com/images/product540.jpg',96.16,'Product 540','SPORTS'),(1541,'Product Description 541','https://yourwebsite.com/images/product541.jpg',41.09,'Product 541','ELECTRONICS'),(1542,'Product Description 542','https://yourwebsite.com/images/product542.jpg',17,'Product 542','ELECTRONICS'),(1543,'Product Description 543','https://yourwebsite.com/images/product543.jpg',61.72,'Product 543','KITCHEN'),(1544,'Product Description 544','https://yourwebsite.com/images/product544.jpg',57.58,'Product 544','KITCHEN'),(1545,'Product Description 545','https://yourwebsite.com/images/product545.jpg',2.74,'Product 545','ELECTRONICS'),(1546,'Product Description 546','https://yourwebsite.com/images/product546.jpg',40.98,'Product 546','ELECTRONICS'),(1547,'Product Description 547','https://yourwebsite.com/images/product547.jpg',96.65,'Product 547','KITCHEN'),(1548,'Product Description 548','https://yourwebsite.com/images/product548.jpg',60.33,'Product 548','SPORTS'),(1549,'Product Description 549','https://yourwebsite.com/images/product549.jpg',11.69,'Product 549','KITCHEN'),(1550,'Product Description 550','https://yourwebsite.com/images/product550.jpg',77.47,'Product 550','HOME'),(1551,'Product Description 551','https://yourwebsite.com/images/product551.jpg',52.26,'Product 551','HOME'),(1552,'Product Description 552','https://yourwebsite.com/images/product552.jpg',28.91,'Product 552','HOME'),(1553,'Product Description 553','https://yourwebsite.com/images/product553.jpg',87.75,'Product 553','KITCHEN'),(1554,'Product Description 554','https://yourwebsite.com/images/product554.jpg',52.05,'Product 554','ELECTRONICS'),(1555,'Product Description 555','https://yourwebsite.com/images/product555.jpg',96.99,'Product 555','KITCHEN'),(1556,'Product Description 556','https://yourwebsite.com/images/product556.jpg',28.79,'Product 556','SPORTS'),(1557,'Product Description 557','https://yourwebsite.com/images/product557.jpg',53,'Product 557','KITCHEN'),(1558,'Product Description 558','https://yourwebsite.com/images/product558.jpg',78.64,'Product 558','KITCHEN'),(1559,'Product Description 559','https://yourwebsite.com/images/product559.jpg',34.17,'Product 559','HOME'),(1560,'Product Description 560','https://yourwebsite.com/images/product560.jpg',34.93,'Product 560','HOME'),(1561,'Product Description 561','https://yourwebsite.com/images/product561.jpg',72.15,'Product 561','KITCHEN'),(1562,'Product Description 562','https://yourwebsite.com/images/product562.jpg',55.98,'Product 562','ELECTRONICS'),(1563,'Product Description 563','https://yourwebsite.com/images/product563.jpg',63.41,'Product 563','KITCHEN'),(1564,'Product Description 564','https://yourwebsite.com/images/product564.jpg',49.15,'Product 564','HOME'),(1565,'Product Description 565','https://yourwebsite.com/images/product565.jpg',55.49,'Product 565','KITCHEN'),(1566,'Product Description 566','https://yourwebsite.com/images/product566.jpg',30.01,'Product 566','SPORTS'),(1567,'Product Description 567','https://yourwebsite.com/images/product567.jpg',83.58,'Product 567','KITCHEN'),(1568,'Product Description 568','https://yourwebsite.com/images/product568.jpg',27.87,'Product 568','ELECTRONICS'),(1569,'Product Description 569','https://yourwebsite.com/images/product569.jpg',88.62,'Product 569','HOME'),(1570,'Product Description 570','https://yourwebsite.com/images/product570.jpg',59.47,'Product 570','KITCHEN'),(1571,'Product Description 571','https://yourwebsite.com/images/product571.jpg',31.48,'Product 571','ELECTRONICS'),(1572,'Product Description 572','https://yourwebsite.com/images/product572.jpg',79.02,'Product 572','KITCHEN'),(1573,'Product Description 573','https://yourwebsite.com/images/product573.jpg',0.66,'Product 573','ELECTRONICS'),(1574,'Product Description 574','https://yourwebsite.com/images/product574.jpg',66.21,'Product 574','KITCHEN'),(1575,'Product Description 575','https://yourwebsite.com/images/product575.jpg',29.09,'Product 575','HOME'),(1576,'Product Description 576','https://yourwebsite.com/images/product576.jpg',46.81,'Product 576','SPORTS'),(1577,'Product Description 577','https://yourwebsite.com/images/product577.jpg',46.79,'Product 577','KITCHEN'),(1578,'Product Description 578','https://yourwebsite.com/images/product578.jpg',93.51,'Product 578','SPORTS'),(1579,'Product Description 579','https://yourwebsite.com/images/product579.jpg',27.19,'Product 579','SPORTS'),(1580,'Product Description 580','https://yourwebsite.com/images/product580.jpg',55.42,'Product 580','ELECTRONICS'),(1581,'Product Description 581','https://yourwebsite.com/images/product581.jpg',95.53,'Product 581','ELECTRONICS'),(1582,'Product Description 582','https://yourwebsite.com/images/product582.jpg',11.39,'Product 582','HOME'),(1583,'Product Description 583','https://yourwebsite.com/images/product583.jpg',70.35,'Product 583','SPORTS'),(1584,'Product Description 584','https://yourwebsite.com/images/product584.jpg',17.59,'Product 584','HOME'),(1585,'Product Description 585','https://yourwebsite.com/images/product585.jpg',76.89,'Product 585','KITCHEN'),(1586,'Product Description 586','https://yourwebsite.com/images/product586.jpg',31.71,'Product 586','HOME'),(1587,'Product Description 587','https://yourwebsite.com/images/product587.jpg',27.84,'Product 587','HOME'),(1588,'Product Description 588','https://yourwebsite.com/images/product588.jpg',44.1,'Product 588','KITCHEN'),(1589,'Product Description 589','https://yourwebsite.com/images/product589.jpg',36.98,'Product 589','SPORTS'),(1590,'Product Description 590','https://yourwebsite.com/images/product590.jpg',52.58,'Product 590','SPORTS'),(1591,'Product Description 591','https://yourwebsite.com/images/product591.jpg',51.95,'Product 591','SPORTS'),(1592,'Product Description 592','https://yourwebsite.com/images/product592.jpg',2.03,'Product 592','ELECTRONICS'),(1593,'Product Description 593','https://yourwebsite.com/images/product593.jpg',54.3,'Product 593','KITCHEN'),(1594,'Product Description 594','https://yourwebsite.com/images/product594.jpg',65.4,'Product 594','HOME'),(1595,'Product Description 595','https://yourwebsite.com/images/product595.jpg',64.1,'Product 595','SPORTS'),(1596,'Product Description 596','https://yourwebsite.com/images/product596.jpg',24.31,'Product 596','SPORTS'),(1597,'Product Description 597','https://yourwebsite.com/images/product597.jpg',29.24,'Product 597','SPORTS'),(1598,'Product Description 598','https://yourwebsite.com/images/product598.jpg',73.28,'Product 598','ELECTRONICS'),(1599,'Product Description 599','https://yourwebsite.com/images/product599.jpg',78.67,'Product 599','KITCHEN'),(1600,'Product Description 600','https://yourwebsite.com/images/product600.jpg',73.49,'Product 600','HOME'),(1601,'Product Description 601','https://yourwebsite.com/images/product601.jpg',31.48,'Product 601','SPORTS'),(1602,'Product Description 602','https://yourwebsite.com/images/product602.jpg',36.91,'Product 602','ELECTRONICS'),(1603,'Product Description 603','https://yourwebsite.com/images/product603.jpg',90.09,'Product 603','ELECTRONICS'),(1604,'Product Description 604','https://yourwebsite.com/images/product604.jpg',39.75,'Product 604','KITCHEN'),(1605,'Product Description 605','https://yourwebsite.com/images/product605.jpg',28.49,'Product 605','ELECTRONICS'),(1606,'Product Description 606','https://yourwebsite.com/images/product606.jpg',23.19,'Product 606','HOME'),(1607,'Product Description 607','https://yourwebsite.com/images/product607.jpg',30.49,'Product 607','KITCHEN'),(1608,'Product Description 608','https://yourwebsite.com/images/product608.jpg',82.87,'Product 608','SPORTS'),(1609,'Product Description 609','https://yourwebsite.com/images/product609.jpg',22.87,'Product 609','ELECTRONICS'),(1610,'Product Description 610','https://yourwebsite.com/images/product610.jpg',65.74,'Product 610','ELECTRONICS'),(1611,'Product Description 611','https://yourwebsite.com/images/product611.jpg',60.11,'Product 611','ELECTRONICS'),(1612,'Product Description 612','https://yourwebsite.com/images/product612.jpg',3.32,'Product 612','HOME'),(1613,'Product Description 613','https://yourwebsite.com/images/product613.jpg',36.28,'Product 613','KITCHEN'),(1614,'Product Description 614','https://yourwebsite.com/images/product614.jpg',71.42,'Product 614','HOME'),(1615,'Product Description 615','https://yourwebsite.com/images/product615.jpg',48.29,'Product 615','KITCHEN'),(1616,'Product Description 616','https://yourwebsite.com/images/product616.jpg',27.17,'Product 616','ELECTRONICS'),(1617,'Product Description 617','https://yourwebsite.com/images/product617.jpg',90.97,'Product 617','SPORTS'),(1618,'Product Description 618','https://yourwebsite.com/images/product618.jpg',73.35,'Product 618','HOME'),(1619,'Product Description 619','https://yourwebsite.com/images/product619.jpg',93.83,'Product 619','KITCHEN'),(1620,'Product Description 620','https://yourwebsite.com/images/product620.jpg',49.11,'Product 620','SPORTS'),(1621,'Product Description 621','https://yourwebsite.com/images/product621.jpg',64.06,'Product 621','KITCHEN'),(1622,'Product Description 622','https://yourwebsite.com/images/product622.jpg',72.98,'Product 622','HOME'),(1623,'Product Description 623','https://yourwebsite.com/images/product623.jpg',72.7,'Product 623','ELECTRONICS'),(1624,'Product Description 624','https://yourwebsite.com/images/product624.jpg',44.55,'Product 624','KITCHEN'),(1625,'Product Description 625','https://yourwebsite.com/images/product625.jpg',4.65,'Product 625','KITCHEN'),(1626,'Product Description 626','https://yourwebsite.com/images/product626.jpg',89.63,'Product 626','SPORTS'),(1627,'Product Description 627','https://yourwebsite.com/images/product627.jpg',34.19,'Product 627','HOME'),(1628,'Product Description 628','https://yourwebsite.com/images/product628.jpg',2.04,'Product 628','HOME'),(1629,'Product Description 629','https://yourwebsite.com/images/product629.jpg',7.64,'Product 629','SPORTS'),(1630,'Product Description 630','https://yourwebsite.com/images/product630.jpg',32.1,'Product 630','SPORTS'),(1631,'Product Description 631','https://yourwebsite.com/images/product631.jpg',37.57,'Product 631','KITCHEN'),(1632,'Product Description 632','https://yourwebsite.com/images/product632.jpg',91.53,'Product 632','HOME'),(1633,'Product Description 633','https://yourwebsite.com/images/product633.jpg',44.94,'Product 633','HOME'),(1634,'Product Description 634','https://yourwebsite.com/images/product634.jpg',50.12,'Product 634','HOME'),(1635,'Product Description 635','https://yourwebsite.com/images/product635.jpg',15.79,'Product 635','SPORTS'),(1636,'Product Description 636','https://yourwebsite.com/images/product636.jpg',28.57,'Product 636','ELECTRONICS'),(1637,'Product Description 637','https://yourwebsite.com/images/product637.jpg',95.49,'Product 637','KITCHEN'),(1638,'Product Description 638','https://yourwebsite.com/images/product638.jpg',91.74,'Product 638','KITCHEN'),(1639,'Product Description 639','https://yourwebsite.com/images/product639.jpg',72.21,'Product 639','HOME'),(1640,'Product Description 640','https://yourwebsite.com/images/product640.jpg',85.84,'Product 640','ELECTRONICS'),(1641,'Product Description 641','https://yourwebsite.com/images/product641.jpg',12.56,'Product 641','SPORTS'),(1642,'Product Description 642','https://yourwebsite.com/images/product642.jpg',5.28,'Product 642','HOME'),(1643,'Product Description 643','https://yourwebsite.com/images/product643.jpg',88.74,'Product 643','HOME'),(1644,'Product Description 644','https://yourwebsite.com/images/product644.jpg',27.84,'Product 644','KITCHEN'),(1645,'Product Description 645','https://yourwebsite.com/images/product645.jpg',72.97,'Product 645','HOME'),(1646,'Product Description 646','https://yourwebsite.com/images/product646.jpg',81.34,'Product 646','KITCHEN'),(1647,'Product Description 647','https://yourwebsite.com/images/product647.jpg',87.8,'Product 647','SPORTS'),(1648,'Product Description 648','https://yourwebsite.com/images/product648.jpg',94.97,'Product 648','ELECTRONICS'),(1649,'Product Description 649','https://yourwebsite.com/images/product649.jpg',11.45,'Product 649','HOME'),(1650,'Product Description 650','https://yourwebsite.com/images/product650.jpg',72.35,'Product 650','HOME'),(1651,'Product Description 651','https://yourwebsite.com/images/product651.jpg',27.38,'Product 651','KITCHEN'),(1652,'Product Description 652','https://yourwebsite.com/images/product652.jpg',19.86,'Product 652','HOME'),(1653,'Product Description 653','https://yourwebsite.com/images/product653.jpg',17.17,'Product 653','SPORTS'),(1654,'Product Description 654','https://yourwebsite.com/images/product654.jpg',26.26,'Product 654','ELECTRONICS'),(1655,'Product Description 655','https://yourwebsite.com/images/product655.jpg',79.78,'Product 655','KITCHEN'),(1656,'Product Description 656','https://yourwebsite.com/images/product656.jpg',20.13,'Product 656','ELECTRONICS'),(1657,'Product Description 657','https://yourwebsite.com/images/product657.jpg',61.31,'Product 657','KITCHEN'),(1658,'Product Description 658','https://yourwebsite.com/images/product658.jpg',46.17,'Product 658','KITCHEN'),(1659,'Product Description 659','https://yourwebsite.com/images/product659.jpg',46.93,'Product 659','SPORTS'),(1660,'Product Description 660','https://yourwebsite.com/images/product660.jpg',96.13,'Product 660','KITCHEN'),(1661,'Product Description 661','https://yourwebsite.com/images/product661.jpg',39.87,'Product 661','SPORTS'),(1662,'Product Description 662','https://yourwebsite.com/images/product662.jpg',10.97,'Product 662','KITCHEN'),(1663,'Product Description 663','https://yourwebsite.com/images/product663.jpg',35.21,'Product 663','ELECTRONICS'),(1664,'Product Description 664','https://yourwebsite.com/images/product664.jpg',43.14,'Product 664','KITCHEN'),(1665,'Product Description 665','https://yourwebsite.com/images/product665.jpg',10.09,'Product 665','HOME'),(1666,'Product Description 666','https://yourwebsite.com/images/product666.jpg',21.03,'Product 666','ELECTRONICS'),(1667,'Product Description 667','https://yourwebsite.com/images/product667.jpg',74.88,'Product 667','ELECTRONICS'),(1668,'Product Description 668','https://yourwebsite.com/images/product668.jpg',11.3,'Product 668','SPORTS'),(1669,'Product Description 669','https://yourwebsite.com/images/product669.jpg',31.88,'Product 669','ELECTRONICS'),(1670,'Product Description 670','https://yourwebsite.com/images/product670.jpg',25.51,'Product 670','HOME'),(1671,'Product Description 671','https://yourwebsite.com/images/product671.jpg',31.9,'Product 671','ELECTRONICS'),(1672,'Product Description 672','https://yourwebsite.com/images/product672.jpg',82.96,'Product 672','KITCHEN'),(1673,'Product Description 673','https://yourwebsite.com/images/product673.jpg',19.09,'Product 673','KITCHEN'),(1674,'Product Description 674','https://yourwebsite.com/images/product674.jpg',46.57,'Product 674','HOME'),(1675,'Product Description 675','https://yourwebsite.com/images/product675.jpg',75.58,'Product 675','KITCHEN'),(1676,'Product Description 676','https://yourwebsite.com/images/product676.jpg',38.19,'Product 676','ELECTRONICS'),(1677,'Product Description 677','https://yourwebsite.com/images/product677.jpg',64.21,'Product 677','KITCHEN'),(1678,'Product Description 678','https://yourwebsite.com/images/product678.jpg',6.47,'Product 678','KITCHEN'),(1679,'Product Description 679','https://yourwebsite.com/images/product679.jpg',39.74,'Product 679','SPORTS'),(1680,'Product Description 680','https://yourwebsite.com/images/product680.jpg',79.29,'Product 680','SPORTS'),(1681,'Product Description 681','https://yourwebsite.com/images/product681.jpg',77.2,'Product 681','KITCHEN'),(1682,'Product Description 682','https://yourwebsite.com/images/product682.jpg',48.16,'Product 682','SPORTS'),(1683,'Product Description 683','https://yourwebsite.com/images/product683.jpg',9.2,'Product 683','HOME'),(1684,'Product Description 684','https://yourwebsite.com/images/product684.jpg',1.51,'Product 684','ELECTRONICS'),(1685,'Product Description 685','https://yourwebsite.com/images/product685.jpg',79.96,'Product 685','ELECTRONICS'),(1686,'Product Description 686','https://yourwebsite.com/images/product686.jpg',95.28,'Product 686','SPORTS'),(1687,'Product Description 687','https://yourwebsite.com/images/product687.jpg',36.52,'Product 687','HOME'),(1688,'Product Description 688','https://yourwebsite.com/images/product688.jpg',96.75,'Product 688','KITCHEN'),(1689,'Product Description 689','https://yourwebsite.com/images/product689.jpg',74.18,'Product 689','ELECTRONICS'),(1690,'Product Description 690','https://yourwebsite.com/images/product690.jpg',80.67,'Product 690','HOME'),(1691,'Product Description 691','https://yourwebsite.com/images/product691.jpg',80.78,'Product 691','KITCHEN'),(1692,'Product Description 692','https://yourwebsite.com/images/product692.jpg',61.91,'Product 692','SPORTS'),(1693,'Product Description 693','https://yourwebsite.com/images/product693.jpg',67.22,'Product 693','ELECTRONICS'),(1694,'Product Description 694','https://yourwebsite.com/images/product694.jpg',50.36,'Product 694','HOME'),(1695,'Product Description 695','https://yourwebsite.com/images/product695.jpg',50.13,'Product 695','HOME'),(1696,'Product Description 696','https://yourwebsite.com/images/product696.jpg',99.57,'Product 696','ELECTRONICS'),(1697,'Product Description 697','https://yourwebsite.com/images/product697.jpg',47.46,'Product 697','KITCHEN'),(1698,'Product Description 698','https://yourwebsite.com/images/product698.jpg',38.61,'Product 698','ELECTRONICS'),(1699,'Product Description 699','https://yourwebsite.com/images/product699.jpg',50.67,'Product 699','KITCHEN'),(1700,'Product Description 700','https://yourwebsite.com/images/product700.jpg',37.49,'Product 700','ELECTRONICS'),(1701,'Product Description 701','https://yourwebsite.com/images/product701.jpg',35.48,'Product 701','ELECTRONICS'),(1702,'Product Description 702','https://yourwebsite.com/images/product702.jpg',64.9,'Product 702','KITCHEN'),(1703,'Product Description 703','https://yourwebsite.com/images/product703.jpg',18.06,'Product 703','KITCHEN'),(1704,'Product Description 704','https://yourwebsite.com/images/product704.jpg',95.6,'Product 704','HOME'),(1705,'Product Description 705','https://yourwebsite.com/images/product705.jpg',23.82,'Product 705','ELECTRONICS'),(1706,'Product Description 706','https://yourwebsite.com/images/product706.jpg',32.3,'Product 706','KITCHEN'),(1707,'Product Description 707','https://yourwebsite.com/images/product707.jpg',90.05,'Product 707','SPORTS'),(1708,'Product Description 708','https://yourwebsite.com/images/product708.jpg',53.36,'Product 708','SPORTS'),(1709,'Product Description 709','https://yourwebsite.com/images/product709.jpg',96.65,'Product 709','SPORTS'),(1710,'Product Description 710','https://yourwebsite.com/images/product710.jpg',23.15,'Product 710','ELECTRONICS'),(1711,'Product Description 711','https://yourwebsite.com/images/product711.jpg',25.82,'Product 711','KITCHEN'),(1712,'Product Description 712','https://yourwebsite.com/images/product712.jpg',59.63,'Product 712','SPORTS'),(1713,'Product Description 713','https://yourwebsite.com/images/product713.jpg',20.7,'Product 713','KITCHEN'),(1714,'Product Description 714','https://yourwebsite.com/images/product714.jpg',24.59,'Product 714','HOME'),(1715,'Product Description 715','https://yourwebsite.com/images/product715.jpg',60.86,'Product 715','ELECTRONICS'),(1716,'Product Description 716','https://yourwebsite.com/images/product716.jpg',30.52,'Product 716','HOME'),(1717,'Product Description 717','https://yourwebsite.com/images/product717.jpg',70.01,'Product 717','KITCHEN'),(1718,'Product Description 718','https://yourwebsite.com/images/product718.jpg',58.51,'Product 718','ELECTRONICS'),(1719,'Product Description 719','https://yourwebsite.com/images/product719.jpg',82.51,'Product 719','ELECTRONICS'),(1720,'Product Description 720','https://yourwebsite.com/images/product720.jpg',37.04,'Product 720','SPORTS'),(1721,'Product Description 721','https://yourwebsite.com/images/product721.jpg',37.68,'Product 721','ELECTRONICS'),(1722,'Product Description 722','https://yourwebsite.com/images/product722.jpg',77.25,'Product 722','HOME'),(1723,'Product Description 723','https://yourwebsite.com/images/product723.jpg',73.21,'Product 723','ELECTRONICS'),(1724,'Product Description 724','https://yourwebsite.com/images/product724.jpg',34.31,'Product 724','KITCHEN'),(1725,'Product Description 725','https://yourwebsite.com/images/product725.jpg',51.91,'Product 725','ELECTRONICS'),(1726,'Product Description 726','https://yourwebsite.com/images/product726.jpg',56.63,'Product 726','ELECTRONICS'),(1727,'Product Description 727','https://yourwebsite.com/images/product727.jpg',27.4,'Product 727','SPORTS'),(1728,'Product Description 728','https://yourwebsite.com/images/product728.jpg',67.13,'Product 728','ELECTRONICS'),(1729,'Product Description 729','https://yourwebsite.com/images/product729.jpg',53.45,'Product 729','KITCHEN'),(1730,'Product Description 730','https://yourwebsite.com/images/product730.jpg',65.87,'Product 730','ELECTRONICS'),(1731,'Product Description 731','https://yourwebsite.com/images/product731.jpg',69,'Product 731','ELECTRONICS'),(1732,'Product Description 732','https://yourwebsite.com/images/product732.jpg',47.37,'Product 732','HOME'),(1733,'Product Description 733','https://yourwebsite.com/images/product733.jpg',29.86,'Product 733','ELECTRONICS'),(1734,'Product Description 734','https://yourwebsite.com/images/product734.jpg',7.21,'Product 734','KITCHEN'),(1735,'Product Description 735','https://yourwebsite.com/images/product735.jpg',46.43,'Product 735','KITCHEN'),(1736,'Product Description 736','https://yourwebsite.com/images/product736.jpg',10.56,'Product 736','HOME'),(1737,'Product Description 737','https://yourwebsite.com/images/product737.jpg',13.49,'Product 737','SPORTS'),(1738,'Product Description 738','https://yourwebsite.com/images/product738.jpg',35.75,'Product 738','HOME'),(1739,'Product Description 739','https://yourwebsite.com/images/product739.jpg',38.31,'Product 739','KITCHEN'),(1740,'Product Description 740','https://yourwebsite.com/images/product740.jpg',84.29,'Product 740','ELECTRONICS'),(1741,'Product Description 741','https://yourwebsite.com/images/product741.jpg',6.52,'Product 741','ELECTRONICS'),(1742,'Product Description 742','https://yourwebsite.com/images/product742.jpg',79.71,'Product 742','KITCHEN'),(1743,'Product Description 743','https://yourwebsite.com/images/product743.jpg',79,'Product 743','HOME'),(1744,'Product Description 744','https://yourwebsite.com/images/product744.jpg',55.89,'Product 744','HOME'),(1745,'Product Description 745','https://yourwebsite.com/images/product745.jpg',42.45,'Product 745','ELECTRONICS'),(1746,'Product Description 746','https://yourwebsite.com/images/product746.jpg',44.59,'Product 746','KITCHEN'),(1747,'Product Description 747','https://yourwebsite.com/images/product747.jpg',95.58,'Product 747','SPORTS'),(1748,'Product Description 748','https://yourwebsite.com/images/product748.jpg',44.15,'Product 748','KITCHEN'),(1749,'Product Description 749','https://yourwebsite.com/images/product749.jpg',33.98,'Product 749','HOME'),(1750,'Product Description 750','https://yourwebsite.com/images/product750.jpg',37.46,'Product 750','ELECTRONICS'),(1751,'Product Description 751','https://yourwebsite.com/images/product751.jpg',85.35,'Product 751','ELECTRONICS'),(1752,'Product Description 752','https://yourwebsite.com/images/product752.jpg',14.38,'Product 752','KITCHEN'),(1753,'Product Description 753','https://yourwebsite.com/images/product753.jpg',15.86,'Product 753','ELECTRONICS'),(1754,'Product Description 754','https://yourwebsite.com/images/product754.jpg',36.15,'Product 754','ELECTRONICS'),(1755,'Product Description 755','https://yourwebsite.com/images/product755.jpg',33.15,'Product 755','SPORTS'),(1756,'Product Description 756','https://yourwebsite.com/images/product756.jpg',57.32,'Product 756','ELECTRONICS'),(1757,'Product Description 757','https://yourwebsite.com/images/product757.jpg',87.14,'Product 757','KITCHEN'),(1758,'Product Description 758','https://yourwebsite.com/images/product758.jpg',63.77,'Product 758','KITCHEN'),(1759,'Product Description 759','https://yourwebsite.com/images/product759.jpg',57.4,'Product 759','ELECTRONICS'),(1760,'Product Description 760','https://yourwebsite.com/images/product760.jpg',95.68,'Product 760','SPORTS'),(1761,'Product Description 761','https://yourwebsite.com/images/product761.jpg',6.2,'Product 761','SPORTS'),(1762,'Product Description 762','https://yourwebsite.com/images/product762.jpg',43.98,'Product 762','KITCHEN'),(1763,'Product Description 763','https://yourwebsite.com/images/product763.jpg',1.28,'Product 763','HOME'),(1764,'Product Description 764','https://yourwebsite.com/images/product764.jpg',74.46,'Product 764','HOME'),(1765,'Product Description 765','https://yourwebsite.com/images/product765.jpg',68.46,'Product 765','KITCHEN'),(1766,'Product Description 766','https://yourwebsite.com/images/product766.jpg',18.94,'Product 766','KITCHEN'),(1767,'Product Description 767','https://yourwebsite.com/images/product767.jpg',89.31,'Product 767','ELECTRONICS'),(1768,'Product Description 768','https://yourwebsite.com/images/product768.jpg',89.71,'Product 768','HOME'),(1769,'Product Description 769','https://yourwebsite.com/images/product769.jpg',80.65,'Product 769','SPORTS'),(1770,'Product Description 770','https://yourwebsite.com/images/product770.jpg',34.09,'Product 770','ELECTRONICS'),(1771,'Product Description 771','https://yourwebsite.com/images/product771.jpg',28.51,'Product 771','SPORTS'),(1772,'Product Description 772','https://yourwebsite.com/images/product772.jpg',40.27,'Product 772','ELECTRONICS'),(1773,'Product Description 773','https://yourwebsite.com/images/product773.jpg',15.84,'Product 773','HOME'),(1774,'Product Description 774','https://yourwebsite.com/images/product774.jpg',58.39,'Product 774','KITCHEN'),(1775,'Product Description 775','https://yourwebsite.com/images/product775.jpg',44.42,'Product 775','KITCHEN'),(1776,'Product Description 776','https://yourwebsite.com/images/product776.jpg',46.95,'Product 776','SPORTS'),(1777,'Product Description 777','https://yourwebsite.com/images/product777.jpg',1.48,'Product 777','SPORTS'),(1778,'Product Description 778','https://yourwebsite.com/images/product778.jpg',66.57,'Product 778','KITCHEN'),(1779,'Product Description 779','https://yourwebsite.com/images/product779.jpg',28.39,'Product 779','SPORTS'),(1780,'Product Description 780','https://yourwebsite.com/images/product780.jpg',42.23,'Product 780','ELECTRONICS'),(1781,'Product Description 781','https://yourwebsite.com/images/product781.jpg',26,'Product 781','HOME'),(1782,'Product Description 782','https://yourwebsite.com/images/product782.jpg',3.32,'Product 782','SPORTS'),(1783,'Product Description 783','https://yourwebsite.com/images/product783.jpg',38.6,'Product 783','HOME'),(1784,'Product Description 784','https://yourwebsite.com/images/product784.jpg',83.04,'Product 784','KITCHEN'),(1785,'Product Description 785','https://yourwebsite.com/images/product785.jpg',99.41,'Product 785','SPORTS'),(1786,'Product Description 786','https://yourwebsite.com/images/product786.jpg',47.9,'Product 786','KITCHEN'),(1787,'Product Description 787','https://yourwebsite.com/images/product787.jpg',41.27,'Product 787','ELECTRONICS'),(1788,'Product Description 788','https://yourwebsite.com/images/product788.jpg',62.68,'Product 788','ELECTRONICS'),(1789,'Product Description 789','https://yourwebsite.com/images/product789.jpg',89.56,'Product 789','ELECTRONICS'),(1790,'Product Description 790','https://yourwebsite.com/images/product790.jpg',59.79,'Product 790','ELECTRONICS'),(1791,'Product Description 791','https://yourwebsite.com/images/product791.jpg',30.27,'Product 791','ELECTRONICS'),(1792,'Product Description 792','https://yourwebsite.com/images/product792.jpg',71.95,'Product 792','HOME'),(1793,'Product Description 793','https://yourwebsite.com/images/product793.jpg',68.95,'Product 793','ELECTRONICS'),(1794,'Product Description 794','https://yourwebsite.com/images/product794.jpg',28.91,'Product 794','SPORTS'),(1795,'Product Description 795','https://yourwebsite.com/images/product795.jpg',37.71,'Product 795','ELECTRONICS'),(1796,'Product Description 796','https://yourwebsite.com/images/product796.jpg',1.81,'Product 796','HOME'),(1797,'Product Description 797','https://yourwebsite.com/images/product797.jpg',95.91,'Product 797','KITCHEN'),(1798,'Product Description 798','https://yourwebsite.com/images/product798.jpg',74.14,'Product 798','ELECTRONICS'),(1799,'Product Description 799','https://yourwebsite.com/images/product799.jpg',82.95,'Product 799','KITCHEN'),(1800,'Product Description 800','https://yourwebsite.com/images/product800.jpg',92.32,'Product 800','SPORTS'),(1801,'Product Description 801','https://yourwebsite.com/images/product801.jpg',12.75,'Product 801','SPORTS'),(1802,'Product Description 802','https://yourwebsite.com/images/product802.jpg',86.8,'Product 802','SPORTS'),(1803,'Product Description 803','https://yourwebsite.com/images/product803.jpg',95.73,'Product 803','KITCHEN'),(1804,'Product Description 804','https://yourwebsite.com/images/product804.jpg',18.27,'Product 804','ELECTRONICS'),(1805,'Product Description 805','https://yourwebsite.com/images/product805.jpg',4.14,'Product 805','KITCHEN'),(1806,'Product Description 806','https://yourwebsite.com/images/product806.jpg',65.89,'Product 806','KITCHEN'),(1807,'Product Description 807','https://yourwebsite.com/images/product807.jpg',17.05,'Product 807','KITCHEN'),(1808,'Product Description 808','https://yourwebsite.com/images/product808.jpg',87.56,'Product 808','HOME'),(1809,'Product Description 809','https://yourwebsite.com/images/product809.jpg',86.66,'Product 809','ELECTRONICS'),(1810,'Product Description 810','https://yourwebsite.com/images/product810.jpg',70.63,'Product 810','ELECTRONICS'),(1811,'Product Description 811','https://yourwebsite.com/images/product811.jpg',93.16,'Product 811','ELECTRONICS'),(1812,'Product Description 812','https://yourwebsite.com/images/product812.jpg',53.91,'Product 812','SPORTS'),(1813,'Product Description 813','https://yourwebsite.com/images/product813.jpg',90.06,'Product 813','ELECTRONICS'),(1814,'Product Description 814','https://yourwebsite.com/images/product814.jpg',88.59,'Product 814','ELECTRONICS'),(1815,'Product Description 815','https://yourwebsite.com/images/product815.jpg',72.78,'Product 815','ELECTRONICS'),(1816,'Product Description 816','https://yourwebsite.com/images/product816.jpg',98.11,'Product 816','HOME'),(1817,'Product Description 817','https://yourwebsite.com/images/product817.jpg',72.24,'Product 817','HOME'),(1818,'Product Description 818','https://yourwebsite.com/images/product818.jpg',66.83,'Product 818','SPORTS'),(1819,'Product Description 819','https://yourwebsite.com/images/product819.jpg',17.46,'Product 819','ELECTRONICS'),(1820,'Product Description 820','https://yourwebsite.com/images/product820.jpg',86.78,'Product 820','SPORTS'),(1821,'Product Description 821','https://yourwebsite.com/images/product821.jpg',81.53,'Product 821','ELECTRONICS'),(1822,'Product Description 822','https://yourwebsite.com/images/product822.jpg',47.31,'Product 822','ELECTRONICS'),(1823,'Product Description 823','https://yourwebsite.com/images/product823.jpg',91.96,'Product 823','HOME'),(1824,'Product Description 824','https://yourwebsite.com/images/product824.jpg',17.88,'Product 824','HOME'),(1825,'Product Description 825','https://yourwebsite.com/images/product825.jpg',13.53,'Product 825','SPORTS'),(1826,'Product Description 826','https://yourwebsite.com/images/product826.jpg',13.99,'Product 826','HOME'),(1827,'Product Description 827','https://yourwebsite.com/images/product827.jpg',29.38,'Product 827','HOME'),(1828,'Product Description 828','https://yourwebsite.com/images/product828.jpg',4.91,'Product 828','ELECTRONICS'),(1829,'Product Description 829','https://yourwebsite.com/images/product829.jpg',36.44,'Product 829','HOME'),(1830,'Product Description 830','https://yourwebsite.com/images/product830.jpg',67.45,'Product 830','SPORTS'),(1831,'Product Description 831','https://yourwebsite.com/images/product831.jpg',27.92,'Product 831','HOME'),(1832,'Product Description 832','https://yourwebsite.com/images/product832.jpg',37.25,'Product 832','SPORTS'),(1833,'Product Description 833','https://yourwebsite.com/images/product833.jpg',2.48,'Product 833','HOME'),(1834,'Product Description 834','https://yourwebsite.com/images/product834.jpg',0.68,'Product 834','HOME'),(1835,'Product Description 835','https://yourwebsite.com/images/product835.jpg',95.95,'Product 835','ELECTRONICS'),(1836,'Product Description 836','https://yourwebsite.com/images/product836.jpg',77.71,'Product 836','HOME'),(1837,'Product Description 837','https://yourwebsite.com/images/product837.jpg',0.71,'Product 837','HOME'),(1838,'Product Description 838','https://yourwebsite.com/images/product838.jpg',70.41,'Product 838','HOME'),(1839,'Product Description 839','https://yourwebsite.com/images/product839.jpg',49.91,'Product 839','ELECTRONICS'),(1840,'Product Description 840','https://yourwebsite.com/images/product840.jpg',38.31,'Product 840','HOME'),(1841,'Product Description 841','https://yourwebsite.com/images/product841.jpg',41.84,'Product 841','ELECTRONICS'),(1842,'Product Description 842','https://yourwebsite.com/images/product842.jpg',94.28,'Product 842','KITCHEN'),(1843,'Product Description 843','https://yourwebsite.com/images/product843.jpg',45.87,'Product 843','HOME'),(1844,'Product Description 844','https://yourwebsite.com/images/product844.jpg',46.49,'Product 844','SPORTS'),(1845,'Product Description 845','https://yourwebsite.com/images/product845.jpg',94.87,'Product 845','SPORTS'),(1846,'Product Description 846','https://yourwebsite.com/images/product846.jpg',34.88,'Product 846','HOME'),(1847,'Product Description 847','https://yourwebsite.com/images/product847.jpg',89.79,'Product 847','ELECTRONICS'),(1848,'Product Description 848','https://yourwebsite.com/images/product848.jpg',44.31,'Product 848','HOME'),(1849,'Product Description 849','https://yourwebsite.com/images/product849.jpg',52.16,'Product 849','ELECTRONICS'),(1850,'Product Description 850','https://yourwebsite.com/images/product850.jpg',27.87,'Product 850','ELECTRONICS'),(1851,'Product Description 851','https://yourwebsite.com/images/product851.jpg',82.86,'Product 851','SPORTS'),(1852,'Product Description 852','https://yourwebsite.com/images/product852.jpg',30.7,'Product 852','HOME'),(1853,'Product Description 853','https://yourwebsite.com/images/product853.jpg',4.9,'Product 853','ELECTRONICS'),(1854,'Product Description 854','https://yourwebsite.com/images/product854.jpg',32.42,'Product 854','HOME'),(1855,'Product Description 855','https://yourwebsite.com/images/product855.jpg',47.42,'Product 855','ELECTRONICS'),(1856,'Product Description 856','https://yourwebsite.com/images/product856.jpg',39.81,'Product 856','ELECTRONICS'),(1857,'Product Description 857','https://yourwebsite.com/images/product857.jpg',56.8,'Product 857','SPORTS'),(1858,'Product Description 858','https://yourwebsite.com/images/product858.jpg',64.59,'Product 858','HOME'),(1859,'Product Description 859','https://yourwebsite.com/images/product859.jpg',52.53,'Product 859','ELECTRONICS'),(1860,'Product Description 860','https://yourwebsite.com/images/product860.jpg',68.89,'Product 860','HOME'),(1861,'Product Description 861','https://yourwebsite.com/images/product861.jpg',86.85,'Product 861','ELECTRONICS'),(1862,'Product Description 862','https://yourwebsite.com/images/product862.jpg',27.57,'Product 862','KITCHEN'),(1863,'Product Description 863','https://yourwebsite.com/images/product863.jpg',77.29,'Product 863','SPORTS'),(1864,'Product Description 864','https://yourwebsite.com/images/product864.jpg',3.75,'Product 864','ELECTRONICS'),(1865,'Product Description 865','https://yourwebsite.com/images/product865.jpg',86.88,'Product 865','KITCHEN'),(1866,'Product Description 866','https://yourwebsite.com/images/product866.jpg',23.17,'Product 866','SPORTS'),(1867,'Product Description 867','https://yourwebsite.com/images/product867.jpg',55.2,'Product 867','KITCHEN'),(1868,'Product Description 868','https://yourwebsite.com/images/product868.jpg',6.48,'Product 868','HOME'),(1869,'Product Description 869','https://yourwebsite.com/images/product869.jpg',66.79,'Product 869','KITCHEN'),(1870,'Product Description 870','https://yourwebsite.com/images/product870.jpg',14.51,'Product 870','ELECTRONICS'),(1871,'Product Description 871','https://yourwebsite.com/images/product871.jpg',72.17,'Product 871','SPORTS'),(1872,'Product Description 872','https://yourwebsite.com/images/product872.jpg',17.35,'Product 872','SPORTS'),(1873,'Product Description 873','https://yourwebsite.com/images/product873.jpg',70.22,'Product 873','SPORTS'),(1874,'Product Description 874','https://yourwebsite.com/images/product874.jpg',99.05,'Product 874','ELECTRONICS'),(1875,'Product Description 875','https://yourwebsite.com/images/product875.jpg',84.58,'Product 875','ELECTRONICS'),(1876,'Product Description 876','https://yourwebsite.com/images/product876.jpg',25.78,'Product 876','KITCHEN'),(1877,'Product Description 877','https://yourwebsite.com/images/product877.jpg',75.13,'Product 877','HOME'),(1878,'Product Description 878','https://yourwebsite.com/images/product878.jpg',98.31,'Product 878','HOME'),(1879,'Product Description 879','https://yourwebsite.com/images/product879.jpg',66.18,'Product 879','KITCHEN'),(1880,'Product Description 880','https://yourwebsite.com/images/product880.jpg',35.98,'Product 880','KITCHEN'),(1881,'Product Description 881','https://yourwebsite.com/images/product881.jpg',81.34,'Product 881','SPORTS'),(1882,'Product Description 882','https://yourwebsite.com/images/product882.jpg',98.76,'Product 882','HOME'),(1883,'Product Description 883','https://yourwebsite.com/images/product883.jpg',49.79,'Product 883','SPORTS'),(1884,'Product Description 884','https://yourwebsite.com/images/product884.jpg',52.65,'Product 884','KITCHEN'),(1885,'Product Description 885','https://yourwebsite.com/images/product885.jpg',13.91,'Product 885','HOME'),(1886,'Product Description 886','https://yourwebsite.com/images/product886.jpg',11.59,'Product 886','SPORTS'),(1887,'Product Description 887','https://yourwebsite.com/images/product887.jpg',16.24,'Product 887','KITCHEN'),(1888,'Product Description 888','https://yourwebsite.com/images/product888.jpg',46.41,'Product 888','SPORTS'),(1889,'Product Description 889','https://yourwebsite.com/images/product889.jpg',83.32,'Product 889','SPORTS'),(1890,'Product Description 890','https://yourwebsite.com/images/product890.jpg',77.36,'Product 890','SPORTS'),(1891,'Product Description 891','https://yourwebsite.com/images/product891.jpg',36.86,'Product 891','KITCHEN'),(1892,'Product Description 892','https://yourwebsite.com/images/product892.jpg',52.21,'Product 892','HOME'),(1893,'Product Description 893','https://yourwebsite.com/images/product893.jpg',50.47,'Product 893','KITCHEN'),(1894,'Product Description 894','https://yourwebsite.com/images/product894.jpg',95.73,'Product 894','SPORTS'),(1895,'Product Description 895','https://yourwebsite.com/images/product895.jpg',27.26,'Product 895','ELECTRONICS'),(1896,'Product Description 896','https://yourwebsite.com/images/product896.jpg',49.07,'Product 896','HOME'),(1897,'Product Description 897','https://yourwebsite.com/images/product897.jpg',63.59,'Product 897','SPORTS'),(1898,'Product Description 898','https://yourwebsite.com/images/product898.jpg',70.74,'Product 898','HOME'),(1899,'Product Description 899','https://yourwebsite.com/images/product899.jpg',62.92,'Product 899','SPORTS'),(1900,'Product Description 900','https://yourwebsite.com/images/product900.jpg',2.39,'Product 900','KITCHEN'),(1901,'Product Description 901','https://yourwebsite.com/images/product901.jpg',23.2,'Product 901','KITCHEN'),(1902,'Product Description 902','https://yourwebsite.com/images/product902.jpg',8.83,'Product 902','HOME'),(1903,'Product Description 903','https://yourwebsite.com/images/product903.jpg',74.55,'Product 903','KITCHEN'),(1904,'Product Description 904','https://yourwebsite.com/images/product904.jpg',46.27,'Product 904','HOME'),(1905,'Product Description 905','https://yourwebsite.com/images/product905.jpg',7.67,'Product 905','SPORTS'),(1906,'Product Description 906','https://yourwebsite.com/images/product906.jpg',99.57,'Product 906','SPORTS'),(1907,'Product Description 907','https://yourwebsite.com/images/product907.jpg',74.85,'Product 907','ELECTRONICS'),(1908,'Product Description 908','https://yourwebsite.com/images/product908.jpg',75.52,'Product 908','KITCHEN'),(1909,'Product Description 909','https://yourwebsite.com/images/product909.jpg',53.06,'Product 909','SPORTS'),(1910,'Product Description 910','https://yourwebsite.com/images/product910.jpg',38.74,'Product 910','KITCHEN'),(1911,'Product Description 911','https://yourwebsite.com/images/product911.jpg',34.53,'Product 911','SPORTS'),(1912,'Product Description 912','https://yourwebsite.com/images/product912.jpg',56.44,'Product 912','KITCHEN'),(1913,'Product Description 913','https://yourwebsite.com/images/product913.jpg',78.58,'Product 913','KITCHEN'),(1914,'Product Description 914','https://yourwebsite.com/images/product914.jpg',23.6,'Product 914','SPORTS'),(1915,'Product Description 915','https://yourwebsite.com/images/product915.jpg',82.27,'Product 915','KITCHEN'),(1916,'Product Description 916','https://yourwebsite.com/images/product916.jpg',40.55,'Product 916','SPORTS'),(1917,'Product Description 917','https://yourwebsite.com/images/product917.jpg',55.92,'Product 917','KITCHEN'),(1918,'Product Description 918','https://yourwebsite.com/images/product918.jpg',57.97,'Product 918','ELECTRONICS'),(1919,'Product Description 919','https://yourwebsite.com/images/product919.jpg',22.1,'Product 919','SPORTS'),(1920,'Product Description 920','https://yourwebsite.com/images/product920.jpg',36.59,'Product 920','KITCHEN'),(1921,'Product Description 921','https://yourwebsite.com/images/product921.jpg',16.64,'Product 921','ELECTRONICS'),(1922,'Product Description 922','https://yourwebsite.com/images/product922.jpg',73.43,'Product 922','HOME'),(1923,'Product Description 923','https://yourwebsite.com/images/product923.jpg',17.21,'Product 923','SPORTS'),(1924,'Product Description 924','https://yourwebsite.com/images/product924.jpg',65.78,'Product 924','HOME'),(1925,'Product Description 925','https://yourwebsite.com/images/product925.jpg',77.26,'Product 925','ELECTRONICS'),(1926,'Product Description 926','https://yourwebsite.com/images/product926.jpg',88.94,'Product 926','HOME'),(1927,'Product Description 927','https://yourwebsite.com/images/product927.jpg',12.96,'Product 927','KITCHEN'),(1928,'Product Description 928','https://yourwebsite.com/images/product928.jpg',97.95,'Product 928','ELECTRONICS'),(1929,'Product Description 929','https://yourwebsite.com/images/product929.jpg',50.88,'Product 929','HOME'),(1930,'Product Description 930','https://yourwebsite.com/images/product930.jpg',60.57,'Product 930','ELECTRONICS'),(1931,'Product Description 931','https://yourwebsite.com/images/product931.jpg',50.2,'Product 931','HOME'),(1932,'Product Description 932','https://yourwebsite.com/images/product932.jpg',69.28,'Product 932','KITCHEN'),(1933,'Product Description 933','https://yourwebsite.com/images/product933.jpg',95.79,'Product 933','HOME'),(1934,'Product Description 934','https://yourwebsite.com/images/product934.jpg',71.14,'Product 934','SPORTS'),(1935,'Product Description 935','https://yourwebsite.com/images/product935.jpg',68.3,'Product 935','KITCHEN'),(1936,'Product Description 936','https://yourwebsite.com/images/product936.jpg',28.08,'Product 936','SPORTS'),(1937,'Product Description 937','https://yourwebsite.com/images/product937.jpg',35.49,'Product 937','KITCHEN'),(1938,'Product Description 938','https://yourwebsite.com/images/product938.jpg',93.21,'Product 938','SPORTS'),(1939,'Product Description 939','https://yourwebsite.com/images/product939.jpg',59.58,'Product 939','ELECTRONICS'),(1940,'Product Description 940','https://yourwebsite.com/images/product940.jpg',18.27,'Product 940','HOME'),(1941,'Product Description 941','https://yourwebsite.com/images/product941.jpg',12.6,'Product 941','KITCHEN'),(1942,'Product Description 942','https://yourwebsite.com/images/product942.jpg',8.22,'Product 942','KITCHEN'),(1943,'Product Description 943','https://yourwebsite.com/images/product943.jpg',3.28,'Product 943','SPORTS'),(1944,'Product Description 944','https://yourwebsite.com/images/product944.jpg',91.75,'Product 944','KITCHEN'),(1945,'Product Description 945','https://yourwebsite.com/images/product945.jpg',48.92,'Product 945','KITCHEN'),(1946,'Product Description 946','https://yourwebsite.com/images/product946.jpg',69.36,'Product 946','HOME'),(1947,'Product Description 947','https://yourwebsite.com/images/product947.jpg',0.03,'Product 947','SPORTS'),(1948,'Product Description 948','https://yourwebsite.com/images/product948.jpg',92.08,'Product 948','HOME'),(1949,'Product Description 949','https://yourwebsite.com/images/product949.jpg',60.3,'Product 949','HOME'),(1950,'Product Description 950','https://yourwebsite.com/images/product950.jpg',25.27,'Product 950','SPORTS'),(1951,'Product Description 951','https://yourwebsite.com/images/product951.jpg',45.43,'Product 951','KITCHEN'),(1952,'Product Description 952','https://yourwebsite.com/images/product952.jpg',51.34,'Product 952','SPORTS'),(1953,'Product Description 953','https://yourwebsite.com/images/product953.jpg',20.4,'Product 953','HOME'),(1954,'Product Description 954','https://yourwebsite.com/images/product954.jpg',47.98,'Product 954','SPORTS'),(1955,'Product Description 955','https://yourwebsite.com/images/product955.jpg',78.72,'Product 955','SPORTS'),(1956,'Product Description 956','https://yourwebsite.com/images/product956.jpg',49.65,'Product 956','SPORTS'),(1957,'Product Description 957','https://yourwebsite.com/images/product957.jpg',12.08,'Product 957','SPORTS'),(1958,'Product Description 958','https://yourwebsite.com/images/product958.jpg',11.44,'Product 958','ELECTRONICS'),(1959,'Product Description 959','https://yourwebsite.com/images/product959.jpg',20.99,'Product 959','KITCHEN'),(1960,'Product Description 960','https://yourwebsite.com/images/product960.jpg',70.63,'Product 960','HOME'),(1961,'Product Description 961','https://yourwebsite.com/images/product961.jpg',90.17,'Product 961','SPORTS'),(1962,'Product Description 962','https://yourwebsite.com/images/product962.jpg',38.97,'Product 962','HOME'),(1963,'Product Description 963','https://yourwebsite.com/images/product963.jpg',24.33,'Product 963','SPORTS'),(1964,'Product Description 964','https://yourwebsite.com/images/product964.jpg',4.74,'Product 964','ELECTRONICS'),(1965,'Product Description 965','https://yourwebsite.com/images/product965.jpg',50.73,'Product 965','HOME'),(1966,'Product Description 966','https://yourwebsite.com/images/product966.jpg',39.41,'Product 966','SPORTS'),(1967,'Product Description 967','https://yourwebsite.com/images/product967.jpg',44.86,'Product 967','SPORTS'),(1968,'Product Description 968','https://yourwebsite.com/images/product968.jpg',6.07,'Product 968','SPORTS'),(1969,'Product Description 969','https://yourwebsite.com/images/product969.jpg',95.79,'Product 969','KITCHEN'),(1970,'Product Description 970','https://yourwebsite.com/images/product970.jpg',60.73,'Product 970','HOME'),(1971,'Product Description 971','https://yourwebsite.com/images/product971.jpg',16.27,'Product 971','SPORTS'),(1972,'Product Description 972','https://yourwebsite.com/images/product972.jpg',99.18,'Product 972','KITCHEN'),(1973,'Product Description 973','https://yourwebsite.com/images/product973.jpg',47.08,'Product 973','HOME'),(1974,'Product Description 974','https://yourwebsite.com/images/product974.jpg',37.84,'Product 974','KITCHEN'),(1975,'Product Description 975','https://yourwebsite.com/images/product975.jpg',47.99,'Product 975','SPORTS'),(1976,'Product Description 976','https://yourwebsite.com/images/product976.jpg',26.43,'Product 976','ELECTRONICS'),(1977,'Product Description 977','https://yourwebsite.com/images/product977.jpg',88.17,'Product 977','ELECTRONICS'),(1978,'Product Description 978','https://yourwebsite.com/images/product978.jpg',61.55,'Product 978','SPORTS'),(1979,'Product Description 979','https://yourwebsite.com/images/product979.jpg',43.23,'Product 979','HOME'),(1980,'Product Description 980','https://yourwebsite.com/images/product980.jpg',31.5,'Product 980','SPORTS'),(1981,'Product Description 981','https://yourwebsite.com/images/product981.jpg',27.81,'Product 981','HOME'),(1982,'Product Description 982','https://yourwebsite.com/images/product982.jpg',44.57,'Product 982','ELECTRONICS'),(1983,'Product Description 983','https://yourwebsite.com/images/product983.jpg',39.42,'Product 983','KITCHEN'),(1984,'Product Description 984','https://yourwebsite.com/images/product984.jpg',63.4,'Product 984','HOME'),(1985,'Product Description 985','https://yourwebsite.com/images/product985.jpg',98.71,'Product 985','ELECTRONICS'),(1986,'Product Description 986','https://yourwebsite.com/images/product986.jpg',3.35,'Product 986','ELECTRONICS'),(1987,'Product Description 987','https://yourwebsite.com/images/product987.jpg',20.64,'Product 987','HOME'),(1988,'Product Description 988','https://yourwebsite.com/images/product988.jpg',93.15,'Product 988','KITCHEN'),(1989,'Product Description 989','https://yourwebsite.com/images/product989.jpg',3.82,'Product 989','KITCHEN'),(1990,'Product Description 990','https://yourwebsite.com/images/product990.jpg',39.63,'Product 990','SPORTS'),(1991,'Product Description 991','https://yourwebsite.com/images/product991.jpg',86.72,'Product 991','KITCHEN'),(1992,'Product Description 992','https://yourwebsite.com/images/product992.jpg',14.68,'Product 992','SPORTS'),(1993,'Product Description 993','https://yourwebsite.com/images/product993.jpg',13.26,'Product 993','SPORTS'),(1994,'Product Description 994','https://yourwebsite.com/images/product994.jpg',22.27,'Product 994','KITCHEN'),(1995,'Product Description 995','https://yourwebsite.com/images/product995.jpg',71.56,'Product 995','ELECTRONICS'),(1996,'Product Description 996','https://yourwebsite.com/images/product996.jpg',91,'Product 996','ELECTRONICS'),(1997,'Product Description 997','https://yourwebsite.com/images/product997.jpg',40.3,'Product 997','ELECTRONICS'),(1998,'Product Description 998','https://yourwebsite.com/images/product998.jpg',28.51,'Product 998','ELECTRONICS'),(1999,'Product Description 999','https://yourwebsite.com/images/product999.jpg',21.64,'Product 999','KITCHEN'),(2000,'Product Description 1000','https://yourwebsite.com/images/product1000.jpg',22.7,'Product 1000','SPORTS');
/*!40000 ALTER TABLE `product` ENABLE KEYS */;
UNLOCK TABLES;
/*!40103 SET TIME_ZONE=@OLD_TIME_ZONE */;

/*!40101 SET SQL_MODE=@OLD_SQL_MODE */;
/*!40014 SET FOREIGN_KEY_CHECKS=@OLD_FOREIGN_KEY_CHECKS */;
/*!40014 SET UNIQUE_CHECKS=@OLD_UNIQUE_CHECKS */;
/*!40101 SET CHARACTER_SET_CLIENT=@OLD_CHARACTER_SET_CLIENT */;
/*!40101 SET CHARACTER_SET_RESULTS=@OLD_CHARACTER_SET_RESULTS */;
/*!40101 SET COLLATION_CONNECTION=@OLD_COLLATION_CONNECTION */;
/*!40111 SET SQL_NOTES=@OLD_SQL_NOTES */;

-- Dump completed on 2024-02-10 19:45:52
